StateAbbr,StateDesc,CountyName,CountyFIPS,TotalPopulation,DIABETES_CrudePrev,OBESITY_CrudePrev,ACCESS2_CrudePrev,CSMOKING_CrudePrev,FOODINSECU_CrudePrev,Geolocation
OK,Oklahoma,Haskell,40061,11832,15.4,42.2,11.6,20.7,21.3,POINT (-95.116494065308 35.224815744206)
IL,Illinois,Lake,17097,708760,11.2,32.9,9.2,10.4,12.4,POINT (-88.003802278105 42.3231861408737)
KS,Kansas,Atchison,20005,16016,11.2,37.0,8.8,15.3,12.9,POINT (-95.3139519927859 39.5314729069169)
AK,Alaska,Anchorage,2020,286075,8.9,35.0,9.5,14.0,12.8,POINT (-149.112545841578 61.150482370682)
OK,Oklahoma,Seminole,40133,23565,16.1,45.0,12.3,22.5,25.4,POINT (-96.6156537381723 35.1680593598838)
WV,West Virginia,Mineral,54057,26867,15.2,39.3,7.4,17.5,12.9,POINT (-78.9438660349927 39.4145638145152)
MN,Minnesota,Blue Earth,27013,70006,9.4,33.8,7.9,13.5,12.9,POINT (-94.0669295707349 44.0345454957417)
NE,Nebraska,Buffalo,31019,50697,9.6,37.3,9.2,12.2,11.7,POINT (-99.0753138152132 40.8549140546781)
VA,Virginia,Albemarle,51003,115676,10.2,28.2,6.4,9.0,8.2,POINT (-78.5566750076527 38.02329488935)
TX,Texas,Hemphill,48211,3189,11.6,32.7,16.4,11.7,,POINT (-100.270357671339 35.8376485835775)
MO,Missouri,Shelby,29205,5931,14.9,40.3,10.0,20.5,16.4,POINT (-92.0765035724993 39.7978199013128)
MO,Missouri,Carroll,29033,8391,13.9,38.6,9.3,18.3,13.9,POINT (-93.5052433823843 39.4269766767271)
TN,Tennessee,Dyer,47045,36498,14.9,39.4,12.5,20.1,,POINT (-89.413255123987 36.0594847370705)
SD,South Dakota,Minnehaha,46099,206930,10.6,37.4,8.8,14.2,,POINT (-96.791470048829 43.6741571506483)
IA,Iowa,Chickasaw,19037,11658,12.6,39.4,7.7,15.5,11.2,POINT (-92.3176408168561 43.0600924885266)
NY,New York,Seneca,36099,32349,11.6,34.7,7.2,15.3,15.1,POINT (-76.8234304711163 42.7807211049499)
MN,Minnesota,Faribault,27043,13873,12.8,37.6,9.3,16.4,13.5,POINT (-93.9479319612746 43.6739185141946)
NE,Nebraska,Nance,31125,3274,12.7,41.0,8.7,16.5,13.1,POINT (-97.9923626121675 41.3973669035393)
OH,Ohio,Mahoning,39099,225596,14.8,38.6,9.1,16.9,15.9,POINT (-80.7763089335898 41.014638072438)
MS,Mississippi,Chickasaw,28017,16866,18.4,43.3,14.0,19.9,27.8,POINT (-88.9478680906015 33.9208230759646)
IL,Illinois,Hamilton,17065,7911,13.9,40.0,8.3,17.0,15.4,POINT (-88.5390680927951 38.0815781203156)
TX,Texas,Goliad,48175,7144,15.6,37.0,18.1,14.2,,POINT (-97.4261528642449 28.6572997486097)
MS,Mississippi,Sunflower,28133,24468,19.3,48.6,16.2,21.4,36.8,POINT (-90.5886871287806 33.6022446844639)
FL,Florida,Monroe,12087,80614,13.2,25.8,13.5,12.0,,POINT (-81.1205705411756 25.2728942193616)
TX,Texas,Taylor,48441,146836,11.2,34.3,15.7,12.9,,POINT (-99.8901007880615 32.3015982054604)
MN,Minnesota,Norman,27107,6329,12.5,35.6,8.3,15.9,12.5,POINT (-96.4554730867118 47.3264531891278)
TN,Tennessee,Hancock,47067,6956,20.3,43.0,16.1,29.4,,POINT (-83.2225554028535 36.5234522153705)
AR,Arkansas,Grant,5053,18383,12.0,36.9,9.3,15.6,13.7,POINT (-92.4234453390766 34.290047947646)
VA,Virginia,Pittsylvania,51143,59571,17.5,41.6,10.2,18.1,18.0,POINT (-79.3971353812908 36.8213514715856)
NM,New Mexico,Santa Fe,35049,155956,12.6,25.6,13.1,10.0,14.0,POINT (-105.976252740807 35.506900601719)
ME,Maine,Sagadahoc,23023,37513,10.8,29.6,7.4,13.9,9.4,POINT (-69.8536441032231 43.9590164573634)
LA,Louisiana,Tensas,22107,3764,25.1,48.4,11.3,22.8,34.6,POINT (-91.3398743027027 32.0009034949544)
WI,Wisconsin,Buffalo,55011,13419,12.8,39.6,7.8,15.0,11.2,POINT (-91.7543796736571 44.3797906115145)
IN,Indiana,Perry,18123,19209,13.4,37.6,8.5,18.3,13.5,POINT (-86.6381199530206 38.079509981274)
SC,South Carolina,Greenwood,45047,69460,15.4,36.8,12.6,15.0,21.3,POINT (-82.1260689800586 34.1538899560059)
AZ,Arizona,Graham,4009,39525,11.4,36.0,16.0,15.2,20.9,POINT (-109.887402691851 32.9327553402921)
SC,South Carolina,Edgefield,45037,27607,16.2,39.9,14.9,16.3,21.9,POINT (-81.9660838206547 33.772095052778)
WV,West Virginia,Hardy,54031,14251,19.0,41.9,9.7,21.6,18.1,POINT (-78.8580214852076 39.0074510404398)
OH,Ohio,Pickaway,39129,61086,12.6,39.8,8.5,17.9,13.7,POINT (-83.0242544082613 39.6418488739589)
OH,Ohio,Wood,39173,132650,10.7,37.4,7.0,12.7,11.2,POINT (-83.622978870736 41.361689646332)
MS,Mississippi,Noxubee,28103,9914,21.2,46.4,15.2,21.3,35.8,POINT (-88.5698353745843 33.1100147781248)
ND,North Dakota,Rolette,38079,11728,17.9,50.2,10.8,25.9,30.5,POINT (-99.8409780101314 48.7724504206484)
MT,Montana,Park,30067,17903,10.5,30.4,8.2,13.5,10.1,POINT (-110.52629655656 45.4881773935607)
UT,Utah,Beaver,49001,7233,9.8,28.5,10.6,9.3,11.7,POINT (-113.235121957133 38.3569295956319)
OH,Ohio,Geauga,39055,95407,12.4,32.6,6.4,12.8,9.0,POINT (-81.1785666230898 41.4995505355057)
NH,New Hampshire,Carroll,33003,52448,10.7,30.7,6.2,10.7,8.4,POINT (-71.2030777502208 43.8738665247946)
ND,North Dakota,Billings,38007,1034,12.1,36.4,7.2,13.5,10.0,POINT (-103.376280247204 47.0236619758294)
GA,Georgia,Long,13183,19594,12.4,38.4,16.5,17.2,21.7,POINT (-81.745381491443 31.7522994598883)
MO,Missouri,Oregon,29149,8720,16.5,41.1,10.9,22.8,19.0,POINT (-91.4032773357883 36.6867003170786)
FL,Florida,Hernando,12053,212807,14.9,36.1,14.7,14.3,,POINT (-82.4254406235528 28.5539797457162)
NE,Nebraska,Richardson,31147,7689,14.0,45.3,8.7,15.7,12.0,POINT (-95.7176760902879 40.1249750439117)
VA,Virginia,Madison,51113,14128,13.7,37.8,8.4,14.1,11.7,POINT (-78.2794822681113 38.4141991935101)
MI,Michigan,Antrim,26009,24409,12.8,36.4,5.5,13.4,10.5,POINT (-85.1404720041255 44.9989840363288)
IA,Iowa,Lee,19111,32565,12.9,37.6,7.4,17.5,12.9,POINT (-91.4794958363333 40.6422524192372)
KS,Kansas,Decatur,20039,2712,13.4,36.6,8.1,14.1,10.1,POINT (-100.4593927499 39.7846903901936)
VA,Virginia,Colonial Heights,51570,18393,12.3,37.4,8.7,12.8,12.8,POINT (-77.395372113351 37.265090640959)
FL,Florida,Columbia,12023,73063,15.1,39.7,15.5,18.2,,POINT (-82.6216338263004 30.2248618580445)
IL,Illinois,Grundy,17063,53578,10.3,36.4,8.3,13.3,12.4,POINT (-88.418506343176 41.2852896366779)
CO,Colorado,Baca,8009,3344,13.4,29.9,12.8,16.9,,POINT (-102.560198091618 37.3193048719218)
NC,North Carolina,Bertie,37015,16922,19.3,43.0,13.2,18.3,26.7,POINT (-76.9765261847155 36.066157443707)
KS,Kansas,Barber,20007,4071,13.8,38.6,8.6,16.4,12.4,POINT (-98.6848141558495 37.2289283040021)
NY,New York,Columbia,36021,60470,11.8,30.8,5.7,12.4,11.7,POINT (-73.6319367338711 42.2500183961169)
MI,Michigan,Wexford,26165,34122,13.0,39.0,7.4,17.4,15.5,POINT (-85.5785690119737 44.3383613375827)
UT,Utah,Grand,49019,9706,11.2,28.3,10.1,10.2,13.0,POINT (-109.570004970837 38.9834032042322)
TX,Texas,El Paso,48141,869880,15.4,34.0,29.0,12.1,,POINT (-106.234769971665 31.7686659871114)
GA,Georgia,Talbot,13263,5718,22.1,43.1,15.1,18.7,26.6,POINT (-84.5331196585988 32.6992774965399)
NY,New York,Hamilton,36041,5082,13.4,31.0,5.4,13.4,11.5,POINT (-74.4973655679885 43.6612213303403)
TN,Tennessee,Polk,47139,18033,15.1,43.7,11.6,20.7,,POINT (-84.5231146561792 35.1199362720267)
SD,South Dakota,Walworth,46129,5269,13.4,34.3,8.3,15.7,,POINT (-100.031148111061 45.4299153339623)
TN,Tennessee,Lewis,47101,13066,14.9,39.2,12.6,20.8,,POINT (-87.4934669216043 35.5273554402834)
KS,Kansas,Pawnee,20145,6126,12.7,38.2,10.5,16.5,12.6,POINT (-99.2368292701345 38.1811561054533)
TX,Texas,Brazoria,48039,398938,12.0,36.3,16.2,11.6,,POINT (-95.4512838215283 29.1895857693754)
NC,North Carolina,Vance,37181,42301,16.8,42.6,13.2,17.3,24.8,POINT (-78.4079704512629 36.3651057008362)
GA,Georgia,Jeff Davis,13161,14906,16.4,40.4,18.6,20.6,25.3,POINT (-82.6366953093619 31.8060289030775)
TX,Texas,Castro,48069,7227,15.5,38.2,27.7,13.3,,POINT (-102.261693793651 34.5300508535073)
CA,California,Solano,6095,449218,12.1,31.3,9.1,11.3,16.5,POINT (-121.932781028652 38.2699375647315)
KS,Kansas,Leavenworth,20103,83518,10.8,39.8,8.5,13.6,10.5,POINT (-95.0382345190297 39.1999862996613)
AL,Alabama,Autauga,1001,60342,13.3,39.8,8.8,14.5,16.5,POINT (-86.6428164158396 32.5350016195151)
ME,Maine,Androscoggin,23001,113765,12.1,35.8,9.1,16.3,13.9,POINT (-70.2067586997966 44.1654739027752)
SC,South Carolina,Clarendon,45027,31004,19.6,38.0,14.3,16.9,26.0,POINT (-80.2164297187346 33.6659775926252)
IN,Indiana,Tippecanoe,18157,188792,10.0,27.9,8.6,13.0,14.5,POINT (-86.8940552546538 40.3886239103306)
ID,Idaho,Bannock,16005,90400,9.7,33.0,10.1,12.9,14.4,POINT (-112.224464654126 42.6685980174801)
IL,Illinois,Moultrie,17139,14342,11.6,38.4,8.4,16.0,14.0,POINT (-88.6189863239145 39.6419524353702)
NM,New Mexico,Rio Arriba,35039,39876,17.2,39.9,19.3,14.2,25.7,POINT (-106.692981140881 36.5094888401674)
MI,Michigan,Oakland,26125,1270426,10.2,31.3,5.2,10.8,10.9,POINT (-83.3857850852382 42.6603841794277)
NC,North Carolina,New Hanover,37129,238852,10.6,31.1,8.4,11.6,11.2,POINT (-77.8842723951621 34.2328162979962)
NC,North Carolina,Martin,37117,21447,17.8,40.4,11.8,17.3,22.0,POINT (-77.1093472458262 35.8432221253514)
AK,Alaska,Northwest Arctic,2188,7361,14.1,40.6,14.2,28.3,32.5,POINT (-159.722233405755 67.0527933404638)
MO,Missouri,Mercer,29129,3469,15.6,41.1,10.5,20.0,16.2,POINT (-93.5684789350163 40.4224304026288)
MO,Missouri,Montgomery,29139,11459,13.9,37.3,9.5,19.5,14.9,POINT (-91.4702914684888 38.9413373254871)
NE,Nebraska,Franklin,31061,2825,14.2,39.2,8.9,15.9,12.6,POINT (-98.952831971485 40.1763829630923)
GA,Georgia,Lumpkin,13187,35258,11.5,28.9,11.4,13.5,13.2,POINT (-84.0028613994945 34.5724830927062)
FL,Florida,Jackson,12063,48622,15.6,38.7,16.5,19.0,,POINT (-85.2152870715759 30.7953060542353)
SC,South Carolina,York,45091,298320,11.8,37.3,9.7,11.3,14.0,POINT (-81.1845207722132 34.9748106049519)
NY,New York,Livingston,36051,61158,10.1,30.8,5.7,12.3,12.1,POINT (-77.7746715447795 42.7287229293671)
MD,Maryland,Carroll,24013,176639,10.3,37.7,6.3,10.9,9.0,POINT (-77.0227635353375 39.5629025323817)
OH,Ohio,Hardin,39065,30368,12.9,40.3,8.7,17.7,15.3,POINT (-83.6594148955231 40.6616220714596)
NV,Nevada,Clark,32003,2336573,12.4,31.4,15.4,14.8,19.1,POINT (-115.01439860617 36.2150650480518)
GA,Georgia,Camden,13039,58118,12.3,37.2,12.9,14.8,16.1,POINT (-81.6704234596136 30.9304833205109)
KS,Kansas,Seward,20175,21067,13.4,42.7,24.8,15.0,24.5,POINT (-100.850630864337 37.1933271863834)
AR,Arkansas,Prairie,5117,8036,15.1,40.3,10.6,17.3,17.4,POINT (-91.5527724228457 34.8296805541547)
MD,Maryland,Queen Anne's,24035,52508,11.6,29.4,6.7,11.7,10.1,POINT (-76.0240862590696 39.0662241668469)
GA,Georgia,Terrell,13273,8718,21.2,43.6,17.6,21.1,31.6,POINT (-84.4366722312933 31.7770572781924)
LA,Louisiana,St. Bernard,22087,44463,15.3,42.8,11.1,20.2,27.0,POINT (-89.5378053124974 29.8750828954315)
TN,Tennessee,Sumner,47165,207994,12.2,40.6,10.3,15.3,,POINT (-86.4607991890573 36.4689167276957)
ID,Idaho,Lemhi,16059,8441,12.7,30.4,9.3,13.4,11.6,POINT (-113.933478496525 44.9434584985958)
WA,Washington,Mason,53045,68389,12.2,35.9,9.2,13.0,,POINT (-123.192028806629 47.3481789974584)
IN,Indiana,Porter,18127,175335,12.5,39.9,8.3,14.5,12.3,POINT (-87.0674513182353 41.4608374022855)
VT,Vermont,Bennington,50003,37183,10.0,30.5,6.1,11.9,,POINT (-73.0928953319589 43.0355940515537)
WI,Wisconsin,Iowa,55049,23956,11.3,38.7,6.7,13.8,9.8,POINT (-90.1352742170414 43.000529388604)
NC,North Carolina,Edgecombe,37065,48832,17.9,43.7,13.0,17.7,26.2,POINT (-77.5971756410996 35.913040080039)
OR,Oregon,Baker,41001,16912,13.6,37.7,7.7,13.8,,POINT (-117.675629967357 44.7090935179354)
OH,Ohio,Scioto,39145,71969,15.3,44.7,9.5,20.8,18.3,POINT (-82.9932730384393 38.80401792582)
VA,Virginia,Norton,51720,3492,14.9,40.8,10.5,19.8,18.8,POINT (-82.6294619312556 36.9308310308693)
MO,Missouri,Webster,29225,41472,12.2,41.7,9.7,19.4,14.7,POINT (-92.8757618781185 37.2809123581798)
MS,Mississippi,Attala,28007,17359,16.9,42.6,12.2,18.2,24.4,POINT (-89.5811695102407 33.0864929422051)
AR,Arkansas,Benton,5007,311013,10.3,35.3,10.9,11.7,13.1,POINT (-94.2558310001198 36.3389781548829)
OH,Ohio,Muskingum,39119,86305,14.4,43.9,8.2,18.1,14.3,POINT (-81.9443705638671 39.9654979109366)
IL,Illinois,Shelby,17173,20568,13.0,37.6,7.4,15.2,12.7,POINT (-88.8051969036463 39.3913669667087)
IN,Indiana,Hendricks,18063,186387,11.1,36.4,6.9,12.8,10.3,POINT (-86.5099930674506 39.7695155217637)
MI,Michigan,Monroe,26115,155045,12.3,40.6,6.7,15.2,12.7,POINT (-83.5380446708107 41.9282711920747)
NY,New York,Sullivan,36105,79920,12.1,31.9,8.5,13.7,16.6,POINT (-74.768159722024 41.7164759306136)
CA,California,Placer,6061,423561,9.8,27.3,5.6,9.4,10.0,POINT (-120.717993200586 39.0633030825061)
CO,Colorado,Kiowa,8061,1384,11.8,27.1,10.1,13.8,,POINT (-102.739222013974 38.4325941497591)
OR,Oregon,Linn,41043,131496,12.0,40.1,8.9,14.2,,POINT (-122.534067367837 44.488641905537)
TX,Texas,Hansford,48195,5071,13.6,36.8,23.4,13.6,,POINT (-101.354568947694 36.2774356712956)
MO,Missouri,Gentry,29075,6287,13.2,41.2,9.6,19.3,14.7,POINT (-94.4095546973503 40.2120580967131)
TX,Texas,Jackson,48239,15221,14.7,37.7,19.7,15.0,,POINT (-96.5776341634458 28.9540204387149)
TN,Tennessee,Obion,47131,30411,16.2,40.2,13.5,21.1,,POINT (-89.1484178194834 36.3583587008047)
SD,South Dakota,Day,46037,5451,14.7,34.8,8.8,16.6,,POINT (-97.6073587322038 45.3672131291144)
SD,South Dakota,Hughes,46065,17624,10.8,34.0,7.3,13.7,,POINT (-99.9956226808318 44.3890109551014)
VA,Virginia,Sussex,51183,10757,16.2,45.5,11.7,17.1,21.8,POINT (-77.2619862677843 36.9217516130991)
OH,Ohio,Cuyahoga,39035,1233088,13.4,35.3,8.4,14.8,16.7,POINT (-81.658627773816 41.4243019834267)
MS,Mississippi,Lee,28081,82799,13.9,36.4,10.2,15.4,18.1,POINT (-88.6803890983401 34.2898902056682)
TX,Texas,Zapata,48505,13736,20.8,43.7,42.8,17.1,,POINT (-99.1685958221944 27.0007793520196)
NM,New Mexico,Harding,35021,624,19.6,35.3,16.4,14.3,20.0,POINT (-103.81995879697 35.857671856338)
TX,Texas,King,48269,217,16.8,37.8,16.1,17.5,,POINT (-100.255805654489 33.6164384711197)
MT,Montana,Golden Valley,30037,835,14.7,32.5,11.0,16.1,13.9,POINT (-109.175211549866 46.3812633183309)
KS,Kansas,Wyandotte,20209,165281,14.5,40.7,17.3,17.6,22.7,POINT (-94.7650051303517 39.1147931194662)
TX,Texas,Angelina,48005,87319,14.9,40.8,18.8,17.1,,POINT (-94.6116992392933 31.2547198881231)
WV,West Virginia,Tyler,54095,7919,17.6,42.8,8.1,20.2,15.4,POINT (-80.8850799013999 39.465890011048)
VA,Virginia,Winchester,51840,27617,14.2,37.6,12.7,15.5,18.1,POINT (-78.1745748910803 39.1731769509689)
TX,Texas,Duval,48131,9604,18.8,41.2,35.4,14.8,,POINT (-98.5089333372538 27.6813479552338)
TX,Texas,Limestone,48293,22250,16.1,39.7,18.1,16.6,,POINT (-96.5807056451504 31.5455242712717)
MN,Minnesota,Wright,27171,151150,9.2,35.4,6.8,12.8,9.4,POINT (-93.9630860406499 45.1740837983303)
MS,Mississippi,George,28039,25619,13.1,37.2,11.3,18.2,17.8,POINT (-88.6441634400411 30.862637172487)
CO,Colorado,Yuma,8125,9862,10.9,28.4,15.7,13.9,,POINT (-102.424564854412 40.0028209513012)
VA,Virginia,Salem,51775,25600,12.0,35.2,7.7,13.0,11.6,POINT (-80.0545181069925 37.2858120133125)
MO,Missouri,Pulaski,29169,53812,8.6,35.8,10.6,15.0,15.3,POINT (-92.2076725320903 37.8246506981251)
NC,North Carolina,Hyde,37095,4607,17.0,41.0,13.7,19.0,21.8,POINT (-76.246508754071 35.5192667562167)
WI,Wisconsin,Price,55099,14102,14.8,42.5,7.8,16.7,12.5,POINT (-90.3614824634713 45.680136950248)
IN,Indiana,Kosciusko,18085,80364,13.0,38.7,9.2,16.6,13.5,POINT (-85.8607456885205 41.2441073982605)
MO,Missouri,McDonald,29119,23903,15.8,43.0,13.9,23.3,22.7,POINT (-94.3482788212234 36.6287006346982)
TX,Texas,Lynn,48305,5761,15.2,38.6,21.9,15.9,,POINT (-101.816284702965 33.1766927653914)
ND,North Dakota,LaMoure,38045,4096,12.5,34.4,7.3,13.8,9.8,POINT (-98.5353641660594 46.4568593866168)
AL,Alabama,Bullock,1011,9897,24.6,51.3,17.7,24.7,42.9,POINT (-85.7157596722874 32.1005731304216)
NE,Nebraska,Red Willow,31145,10457,12.1,42.1,9.0,14.3,12.4,POINT (-100.477329716049 40.1756372724134)
WI,Wisconsin,Taylor,55119,20058,12.8,44.3,8.3,16.3,12.1,POINT (-90.5014610688285 45.2114507805017)
IA,Iowa,Shelby,19165,11806,12.5,37.8,7.0,15.2,10.8,POINT (-95.310088943124 41.6851018395571)
WV,West Virginia,Kanawha,54039,174805,15.6,40.3,7.8,18.9,16.8,POINT (-81.5284979920394 38.3361284608688)
MD,Maryland,Garrett,24023,28423,14.1,36.3,7.9,14.2,12.3,POINT (-79.2728437491571 39.528754928503)
GA,Georgia,Gilmer,13123,32860,15.2,34.2,13.6,15.0,13.5,POINT (-84.4556815629544 34.6911623019377)
AR,Arkansas,Chicot,5017,9538,20.5,47.1,14.3,19.7,30.3,POINT (-91.2933505574654 33.2667470395332)
OH,Ohio,Miami,39109,110876,12.7,33.6,7.2,15.3,11.3,POINT (-84.2289753159029 40.0535853378213)
CO,Colorado,Arapahoe,8005,656061,8.5,26.1,11.5,10.5,,POINT (-104.339237064517 39.6496572797677)
MO,Missouri,Texas,29215,25619,15.8,42.1,11.2,21.7,18.5,POINT (-91.9643974422108 37.3171070530556)
OH,Ohio,Richland,39139,125064,14.5,39.0,9.2,18.0,15.5,POINT (-82.5363256693401 40.7748694236578)
VA,Virginia,Caroline,51033,32640,14.0,41.9,10.1,15.2,15.9,POINT (-77.347634407104 38.0269626787619)
LA,Louisiana,Lafayette,22055,249750,13.0,34.5,7.9,16.0,19.0,POINT (-92.0633182918568 30.2067507149975)
FL,Florida,Sarasota,12115,469013,13.0,29.2,10.3,10.5,,POINT (-82.3315474199739 27.1844486961668)
MI,Michigan,Isabella,26073,64118,10.5,39.5,7.5,15.8,17.7,POINT (-84.8467700848102 43.6406348997262)
IA,Iowa,Union,19175,11906,12.1,37.2,7.3,15.8,12.2,POINT (-94.2424322979002 41.0277362645631)
GA,Georgia,Elbert,13105,20013,16.6,38.2,14.5,17.8,21.0,POINT (-82.8404140983714 34.116392219138)
IL,Illinois,Macoupin,17117,44018,12.8,37.0,7.8,15.9,13.7,POINT (-89.92462979625 39.260888686793)
GA,Georgia,Schley,13249,4526,15.1,37.4,12.8,16.0,17.1,POINT (-84.3148282661391 32.262610616466)
SD,South Dakota,Davison,46035,19922,12.2,38.0,9.3,15.6,,POINT (-98.1456260068691 43.6746570375335)
NC,North Carolina,Rowan,37159,151661,12.7,37.4,11.7,15.9,16.6,POINT (-80.5247968376348 35.639349134151)
NJ,New Jersey,Somerset,34035,348842,10.1,26.3,8.5,8.2,10.3,POINT (-74.6164265267315 40.5636498200618)
VA,Virginia,Frederick,51069,95994,11.8,37.5,9.4,13.0,11.4,POINT (-78.2627027120779 39.2046032420843)
MO,Missouri,Jasper,29097,125056,12.8,40.0,10.9,18.5,16.0,POINT (-94.3405683255221 37.2035579992046)
IL,Illinois,Cumberland,17035,10261,11.9,38.7,7.1,14.5,11.8,POINT (-88.2403551281773 39.2735029218096)
NE,Nebraska,Gosper,31073,1847,12.4,38.4,8.0,13.2,10.2,POINT (-99.8302615243112 40.514766829776)
CO,Colorado,Gilpin,8047,5926,9.6,25.5,7.3,11.4,,POINT (-105.522991573347 39.8573476817029)
IL,Illinois,Rock Island,17161,141236,13.1,39.6,10.0,14.5,16.4,POINT (-90.5677963774347 41.4669850970518)
MI,Michigan,Saginaw,26145,187782,14.1,36.6,8.2,16.2,19.6,POINT (-84.0531789988136 43.3349994526708)
CA,California,Kings,6031,152682,12.1,34.7,17.6,14.8,26.9,POINT (-119.815394099578 36.0752380305363)
IL,Illinois,Adams,17001,64441,12.0,37.8,7.3,14.4,12.9,POINT (-91.1885205349826 39.9878121590876)
MS,Mississippi,Kemper,28069,8584,18.4,43.7,12.7,17.5,27.5,POINT (-88.6411934827704 32.7545542472899)
IA,Iowa,O'Brien,19141,14012,12.4,38.8,8.4,16.4,13.1,POINT (-95.6249570490171 43.0836626065609)
LA,Louisiana,Washington,22117,44865,17.8,45.5,10.1,21.7,26.8,POINT (-90.0401622145023 30.8534789295356)
MO,Missouri,Andrew,29003,18127,11.6,36.0,7.7,15.4,10.6,POINT (-94.8013576832864 39.9834332939443)
MO,Missouri,Caldwell,29025,8955,13.0,38.9,9.2,18.5,13.8,POINT (-93.9828207799922 39.6557701506874)
AL,Alabama,Chilton,1021,46431,14.1,40.0,11.6,16.9,18.7,POINT (-86.7185602930782 32.8479267319968)
OK,Oklahoma,Pottawatomie,40125,73791,13.0,41.2,10.3,18.1,18.7,POINT (-96.9484617397084 35.2066298442372)
NE,Nebraska,Kearney,31099,6770,10.8,38.3,7.8,12.4,9.2,POINT (-98.947942751182 40.5067089531434)
WV,West Virginia,Marion,54049,55807,14.7,42.1,7.7,17.7,14.5,POINT (-80.2424987842091 39.5096729205619)
NJ,New Jersey,Monmouth,34025,642799,9.8,30.4,7.7,9.7,9.2,POINT (-74.2208638905563 40.2604596957946)
MS,Mississippi,Harrison,28047,210612,14.1,36.5,11.1,16.3,19.6,POINT (-89.1114155491736 30.5042780063233)
NE,Nebraska,Cherry,31031,5492,13.1,40.8,8.6,15.4,12.4,POINT (-101.118490615743 42.5449842734791)
MT,Montana,Custer,30017,11985,10.5,32.6,9.1,14.5,11.6,POINT (-105.571832087219 46.2526825162411)
FL,Florida,Volusia,12127,590357,13.5,32.7,13.9,13.7,,POINT (-81.1822347789539 29.0587848982361)
FL,Florida,Union,12125,15532,14.5,41.6,17.3,20.1,,POINT (-82.3713281378981 30.0440284848394)
AL,Alabama,Russell,1113,58744,17.3,43.0,11.9,18.1,27.4,POINT (-85.1846581812352 32.2882099895674)
MT,Montana,Yellowstone,30111,170843,9.5,34.0,9.0,13.9,11.4,POINT (-108.27428208867 45.9376630248443)
WY,Wyoming,Albany,56001,38257,7.5,27.0,10.3,10.5,,POINT (-105.723439465307 41.6544509650776)
WI,Wisconsin,Ashland,55003,16079,13.9,41.2,8.2,17.3,14.4,POINT (-90.6778902316707 46.316621249561)
LA,Louisiana,Iberia,22045,67659,17.1,42.5,10.4,20.4,26.4,POINT (-91.7316139374781 29.8948870244133)
TX,Texas,Gaines,48165,22523,11.8,36.1,25.6,16.4,,POINT (-102.635322018669 32.7406420313499)
TX,Texas,Medina,48325,54797,14.4,39.5,21.6,12.6,,POINT (-99.1102281200746 29.3554244765575)
TX,Texas,Stonewall,48433,1218,15.8,35.8,17.2,15.0,,POINT (-100.253840082948 33.1790674385685)
NV,Nevada,Lander,32015,5769,13.0,35.1,13.9,17.8,18.9,POINT (-117.038326421494 39.9328933421676)
MI,Michigan,Shiawassee,26155,68025,12.5,38.8,6.8,16.3,13.7,POINT (-84.1467004638598 42.9537097648433)
GA,Georgia,Upson,13293,28263,16.3,39.2,14.1,18.8,21.2,POINT (-84.2995096783688 32.8810119833769)
WV,West Virginia,Grant,54023,10921,16.6,43.2,8.2,19.2,14.6,POINT (-79.1956682823498 39.1051878980045)
ND,North Dakota,Slope,38087,674,14.6,38.3,6.9,15.2,10.6,POINT (-103.460105506428 46.4472025925483)
WY,Wyoming,Platte,56031,8546,13.5,35.8,12.1,15.0,,POINT (-104.965967928793 42.1327154003272)
HI,Hawaii,Kalawao,15005,81,22.1,38.5,10.9,16.6,23.2,POINT (-156.947592784882 21.1733760693813)
AR,Arkansas,Howard,5061,12533,15.2,39.4,12.5,17.1,21.0,POINT (-93.9938053308515 34.0889044688856)
VA,Virginia,Buena Vista,51530,6566,12.9,37.0,10.0,15.8,15.5,POINT (-79.3549104284906 37.7323004933146)
WV,West Virginia,Wetzel,54103,13890,16.7,42.4,8.6,20.6,16.0,POINT (-80.6376146428537 39.6054037396684)
NE,Nebraska,Seward,31159,17671,9.5,34.5,7.4,12.6,9.3,POINT (-97.1395864811579 40.8724057251865)
NY,New York,Oswego,36075,118162,11.2,36.4,6.4,15.7,14.5,POINT (-76.1415333257376 43.4270063116785)
GA,Georgia,Pickens,13227,35969,13.6,35.0,11.3,15.1,12.8,POINT (-84.4653887586926 34.463848952651)
OK,Oklahoma,Noble,40103,10832,13.3,41.6,9.4,16.8,15.3,POINT (-97.2306034414518 36.3884982575705)
LA,Louisiana,St. Martin,22099,51057,15.5,45.3,9.7,19.7,23.6,POINT (-91.608304622551 30.1299027654542)
ND,North Dakota,Burleigh,38015,100012,9.3,35.2,6.3,11.8,8.5,POINT (-100.468920390691 46.9775169860994)
IA,Iowa,Black Hawk,19013,130471,11.6,40.4,7.2,15.6,12.8,POINT (-92.3087248490812 42.4700913420814)
RI,Rhode Island,Providence,44007,660615,11.6,33.4,10.1,12.2,19.0,POINT (-71.5800183935938 41.8721675208136)
IN,Indiana,DeKalb,18033,44198,12.8,43.7,8.1,16.8,12.8,POINT (-84.9990943080308 41.3976231539291)
TN,Tennessee,Davidson,47037,712334,11.2,32.3,11.8,14.0,,POINT (-86.7844516139432 36.1693282530084)
VA,Virginia,Lexington,51678,7528,7.8,29.1,7.4,9.2,10.9,POINT (-79.440990782709 37.7836033268522)
MI,Michigan,Lake,26085,12734,17.2,40.5,10.7,20.9,21.8,POINT (-85.8017467353466 43.9901117035536)
OK,Oklahoma,Canadian,40017,175829,10.4,39.0,9.4,13.4,13.7,POINT (-97.9821562348265 35.5423317053672)
TN,Tennessee,Blount,47009,141456,13.4,36.3,10.2,16.6,,POINT (-83.9253119882998 35.6867307924373)
NY,New York,Richmond,36085,490687,11.9,30.3,7.6,12.1,15.7,POINT (-74.154571927785 40.5812377635049)
TX,Texas,Presidio,48377,5795,22.2,41.0,34.8,14.6,,POINT (-104.240890371307 29.9999117910567)
GA,Georgia,Jones,13169,28969,14.4,39.8,11.8,15.9,17.2,POINT (-83.5605812656916 33.0247296211187)
MI,Michigan,Alcona,26001,10489,16.0,39.0,6.2,15.9,12.8,POINT (-83.5940640229156 44.6853506259006)
IA,Iowa,Crawford,19047,16013,14.3,42.6,13.5,16.7,18.4,POINT (-95.3820210456667 42.0372542394508)
MN,Minnesota,Chippewa,27023,12172,12.8,40.4,9.9,16.3,14.1,POINT (-95.5663630774761 45.0221100460578)
TN,Tennessee,Knox,47093,500669,12.0,33.5,9.9,15.0,,POINT (-83.9374331556164 35.9931595301704)
TX,Texas,Hartley,48205,5145,12.0,34.5,18.8,13.4,,POINT (-102.602902654175 35.8400876885743)
WY,Wyoming,Big Horn,56003,12018,12.6,33.8,13.1,15.7,,POINT (-107.994787098478 44.5263908192951)
OK,Oklahoma,Kay,40071,43641,14.1,42.6,11.2,18.7,18.9,POINT (-97.1442458480715 36.8180490812673)
MI,Michigan,Grand Traverse,26055,96421,10.7,35.3,5.5,12.8,10.3,POINT (-85.5602075342824 44.6689883457392)
IL,Illinois,Woodford,17203,38285,10.6,37.3,6.1,12.4,9.9,POINT (-89.2113386473619 40.7882446452346)
NC,North Carolina,Dare,37055,38110,11.2,31.6,7.3,11.4,8.6,POINT (-75.7824832328063 35.7631926889993)
NC,North Carolina,Wilkes,37193,66013,13.9,38.0,11.8,17.1,16.1,POINT (-81.1632504740295 36.2059050717718)
TN,Tennessee,Greene,47059,72577,15.4,40.6,12.3,20.6,,POINT (-82.8458507944719 36.1756158824085)
NV,Nevada,Pershing,32027,6364,12.1,35.7,15.0,17.0,16.5,POINT (-118.404379375217 40.4401365996673)
MN,Minnesota,Hennepin,27053,1258713,8.1,27.1,7.5,11.1,11.2,POINT (-93.4766332455537 45.0046199706646)
IN,Indiana,Marion,18097,968460,13.0,38.3,10.7,15.0,18.6,POINT (-86.1384364601328 39.7816993858149)
KS,Kansas,Edwards,20047,2733,14.3,39.9,13.4,16.7,15.8,POINT (-99.3119785939095 37.8877100264783)
MT,Montana,Ravalli,30081,47738,10.4,31.9,9.1,12.7,9.6,POINT (-114.120708621033 46.0815641954315)
TX,Texas,Dallam,48111,7237,14.7,39.6,27.4,16.9,,POINT (-102.60214211608 36.2778960872511)
VA,Virginia,Scott,51169,21433,16.4,38.3,10.1,18.6,15.4,POINT (-82.6027558666393 36.7140071334274)
KS,Kansas,Lyon,20111,32172,11.5,37.8,13.1,14.8,16.2,POINT (-96.1526455965195 38.4558714343787)
NC,North Carolina,Moore,37125,106898,11.5,32.6,8.4,11.4,10.5,POINT (-79.4810833853778 35.3107524292018)
VA,Virginia,Culpeper,51047,54973,12.8,38.5,10.4,13.7,13.5,POINT (-77.9556488765698 38.4857542899775)
FL,Florida,Gadsden,12039,43833,19.2,44.6,18.0,18.6,,POINT (-84.6137975584322 30.5796484153785)
ND,North Dakota,Ward,38101,68332,8.8,33.9,7.7,12.6,10.3,POINT (-101.541835146962 48.2217420488633)
GA,Georgia,Washington,13303,19820,18.7,43.1,15.7,19.3,27.6,POINT (-82.7956807812309 32.9694620969242)
MN,Minnesota,Lake of the Woods,27077,3778,12.9,36.2,7.0,15.3,10.3,POINT (-94.9046419492481 48.7712953892209)
AR,Arkansas,Logan,5083,21400,14.4,38.1,10.6,18.0,17.3,POINT (-93.7171626255792 35.2148866321463)
OK,Oklahoma,Cleveland,40027,301193,10.9,36.3,9.4,13.2,15.2,POINT (-97.3263165055223 35.2025439402736)
MO,Missouri,Clark,29045,6641,14.9,41.7,9.9,21.0,16.0,POINT (-91.7382064250753 40.4102893553085)
MA,Massachusetts,Dukes,25007,20819,10.6,25.5,3.9,10.8,8.7,POINT (-70.6538263300096 41.3979064331708)
KS,Kansas,Haskell,20081,3630,13.2,41.8,16.4,16.2,17.8,POINT (-100.871073802866 37.5620393895921)
SC,South Carolina,Sumter,45085,104165,15.8,42.7,12.7,15.0,23.0,POINT (-80.3818847166483 33.915935220837)
MS,Mississippi,Perry,28111,11315,16.2,43.7,11.7,19.5,20.9,POINT (-88.9923910027504 31.1721060498963)
IL,Illinois,Piatt,17147,16714,10.9,35.1,6.2,12.5,9.8,POINT (-88.5911000328928 40.0103482466318)
TX,Texas,Cottle,48101,1294,18.8,40.6,19.7,17.6,,POINT (-100.27870868144 34.0776734655448)
IA,Iowa,Guthrie,19077,10722,12.4,37.2,6.4,14.6,10.2,POINT (-94.5010798132677 41.6838318967675)
AR,Arkansas,Saline,5125,129574,11.3,34.5,9.2,14.2,13.7,POINT (-92.6765172938046 34.6466455813868)
GA,Georgia,Bulloch,13031,84327,11.5,38.9,12.5,14.1,19.2,POINT (-81.7427854953707 32.3970074753386)
MD,Maryland,Anne Arundel,24003,594582,10.4,34.5,7.1,10.6,11.5,POINT (-76.6037600852618 39.006058161178)
NE,Nebraska,Webster,31181,3351,12.9,39.1,8.8,14.6,11.8,POINT (-98.5000164412109 40.1764244981952)
WI,Wisconsin,St. Croix,55109,96763,9.6,36.3,6.1,12.6,8.8,POINT (-92.4526727439635 45.0340717962427)
KS,Kansas,Chase,20017,2579,13.9,38.2,10.7,16.4,14.0,POINT (-96.5940239039533 38.302043810592)
AR,Arkansas,Woodruff,5147,5964,18.3,39.2,12.6,20.2,24.5,POINT (-91.2431471012526 35.1863222444477)
NY,New York,Cayuga,36011,74485,11.8,35.7,6.6,15.1,14.8,POINT (-76.5543895949223 42.9173809062338)
OR,Oregon,Crook,41013,26952,12.5,36.1,7.9,13.0,,POINT (-120.356406409534 44.1422197715871)
SC,South Carolina,Lee,45061,15967,20.1,43.7,15.9,18.6,31.6,POINT (-80.2549660085699 34.1632583406157)
TX,Texas,Runnels,48399,9868,14.7,35.9,19.3,14.3,,POINT (-99.9760823556218 31.8313952476266)
WA,Washington,Kittitas,53037,45508,9.7,34.7,8.1,11.1,,POINT (-120.680006355822 47.124429929857)
OH,Ohio,Allen,39003,100838,14.5,39.7,8.3,17.0,14.8,POINT (-84.1057940825963 40.7714977646394)
TN,Tennessee,Benton,47005,16103,16.9,40.8,12.9,22.4,,POINT (-88.0686069441831 36.0701284598924)
NC,North Carolina,Cleveland,37045,101378,13.6,38.6,10.9,16.4,17.6,POINT (-81.5554731480207 35.3336676514711)
TN,Tennessee,Monroe,47123,48594,15.9,39.1,12.8,21.7,,POINT (-84.2525088223491 35.4431760782153)
MI,Michigan,Berrien,26021,152261,13.5,38.8,7.3,15.0,15.8,POINT (-86.4122165831664 41.9547057695221)
LA,Louisiana,Catahoula,22025,8414,17.7,41.8,12.0,22.7,29.0,POINT (-91.8468368192285 31.6659805229835)
TX,Texas,Webb,48479,269148,16.1,42.1,36.2,12.7,,POINT (-99.3318735340826 27.7610056449314)
TX,Texas,Brooks,48047,6848,19.8,42.6,37.8,15.4,,POINT (-98.2186652765607 27.0315471342621)
NJ,New Jersey,Essex,34013,851117,12.0,29.6,14.5,12.4,21.2,POINT (-74.2472201241648 40.7873099971697)
AL,Alabama,Lowndes,1085,9717,24.1,51.2,13.9,21.6,38.3,POINT (-86.6500611800636 32.1550262402887)
WA,Washington,Spokane,53063,551455,10.2,34.7,7.3,11.7,,POINT (-117.404063103244 47.6206587768365)
OR,Oregon,Klamath,41035,70003,14.1,37.9,10.3,15.1,,POINT (-121.650013578635 42.686137951648)
CO,Colorado,Montrose,8085,44156,11.5,27.5,12.6,13.4,,POINT (-108.268870810242 38.4024069870887)
MN,Minnesota,Swift,27151,9719,13.2,38.4,9.1,16.6,13.3,POINT (-95.6814377142811 45.2826676208658)
MO,Missouri,St. Charles,29183,416659,10.3,35.7,6.4,12.2,8.4,POINT (-90.6742597572057 38.781939023918)
IN,Indiana,Vigo,18167,106153,13.7,41.0,8.9,17.6,16.8,POINT (-87.3896586546696 39.4308217583187)
MS,Mississippi,Lawrence,28077,11741,18.8,46.3,13.6,21.7,27.4,POINT (-90.1067346613725 31.550086210695)
IN,Indiana,Clay,18021,26460,14.2,43.3,8.1,18.0,14.1,POINT (-87.1156970341882 39.3927502534324)
ND,North Dakota,Mercer,38057,8309,12.2,39.8,7.5,15.1,11.2,POINT (-101.831546490259 47.3092014368661)
IA,Iowa,Jefferson,19101,15440,13.2,39.6,6.8,14.0,11.7,POINT (-91.9487990147713 41.0318442951922)
GA,Georgia,Clarke,13059,129933,10.9,30.2,12.7,12.3,18.4,POINT (-83.3666684734856 33.9516744526006)
AL,Alabama,DeKalb,1049,72569,15.7,38.6,14.7,19.6,22.6,POINT (-85.8039693236418 34.4598606858773)
KS,Kansas,Russell,20167,6723,13.9,41.5,9.6,17.1,13.2,POINT (-98.762476916684 38.9146512455974)
IA,Iowa,Winnebago,19189,10571,11.6,38.4,7.0,14.3,10.8,POINT (-93.7340986280048 43.3775256073817)
WI,Wisconsin,Milwaukee,55079,916205,13.1,38.6,10.8,14.6,19.2,POINT (-87.9669491230639 43.0071720144533)
MT,Montana,Fergus,30027,11772,11.4,31.2,9.4,14.6,11.8,POINT (-109.224360489992 47.2632833231955)
ND,North Dakota,Grant,38037,2215,15.2,41.3,8.0,16.4,12.6,POINT (-101.640754056464 46.3576616136167)
NC,North Carolina,Haywood,37087,62969,12.4,33.3,9.0,13.9,11.7,POINT (-82.9820402617006 35.5556752243833)
MT,Montana,Toole,30101,5133,11.5,35.6,13.2,19.3,16.9,POINT (-111.695413434683 48.6553867733529)
MT,Montana,Sheridan,30091,3498,11.5,35.5,9.9,14.7,11.7,POINT (-104.504661923628 48.7209969285312)
NC,North Carolina,Davie,37059,44599,12.1,33.4,9.4,13.5,11.7,POINT (-80.5445531639191 35.9288732524121)
VA,Virginia,Orange,51137,38574,12.9,37.1,8.7,13.7,12.1,POINT (-78.0140876981667 38.2455445836208)
MN,Minnesota,Mahnomen,27087,5280,16.8,43.8,11.4,24.5,26.1,POINT (-95.8092496496318 47.3255519081299)
MT,Montana,Big Horn,30003,12751,15.1,35.5,14.1,24.7,29.2,POINT (-107.48944354563 45.4233011316632)
MN,Minnesota,Sherburne,27141,102206,9.0,39.0,7.1,14.2,10.6,POINT (-93.7749839154167 45.4441001810069)
CO,Colorado,San Juan,8111,802,10.2,26.4,8.3,11.2,,POINT (-107.675884537497 37.7637873249573)
OH,Ohio,Holmes,39075,44386,12.7,38.2,12.3,21.5,18.5,POINT (-81.9295580157618 40.5612300981469)
WY,Wyoming,Uinta,56041,20745,11.0,34.4,11.8,14.8,,POINT (-110.547535027877 41.287644945248)
NE,Nebraska,Phelps,31137,9057,11.5,38.6,9.3,14.5,11.8,POINT (-99.4141068650729 40.5110183458877)
MS,Mississippi,Union,28145,28284,14.1,41.6,12.8,18.5,20.2,POINT (-89.0037898313235 34.4905254554951)
DE,Delaware,Sussex,10005,263509,14.2,33.8,9.4,14.0,12.4,POINT (-75.3899993656017 38.6607348167294)
OK,Oklahoma,Lincoln,40081,34562,14.1,44.1,10.3,18.9,18.2,POINT (-96.8809102714908 35.7030440513978)
ID,Idaho,Camas,16025,1232,11.8,29.7,10.0,12.4,11.2,POINT (-114.805504004867 43.4631123331592)
MN,Minnesota,Murray,27101,8049,12.6,36.3,8.3,14.6,11.1,POINT (-95.7633155473769 44.0220771514639)
TN,Tennessee,Union,47173,20741,14.6,40.3,12.5,21.3,,POINT (-83.8370837651738 36.2880602959072)
SD,South Dakota,Jones,46075,855,14.7,35.4,8.1,16.2,,POINT (-100.689729583305 43.9607078940522)
OH,Ohio,Fairfield,39045,165360,12.2,35.6,7.1,14.4,11.7,POINT (-82.6306572277557 39.7516133054728)
VA,Virginia,Amherst,51009,31396,15.1,39.3,9.1,15.6,14.7,POINT (-79.1455618570558 37.6052072744598)
MO,Missouri,Howard,29089,10101,12.0,34.8,8.2,15.7,12.4,POINT (-92.6963287905208 39.1425662415818)
NC,North Carolina,Randolph,37151,147458,13.2,39.9,13.0,16.7,17.0,POINT (-79.8059275016308 35.7103579095623)
VT,Vermont,Windham,50025,45966,9.8,25.9,6.3,12.2,,POINT (-72.713775897256 42.9903591496114)
GA,Georgia,Douglas,13097,149160,13.6,36.3,13.0,13.7,20.0,POINT (-84.7678598130121 33.702130966663)
NM,New Mexico,De Baca,35011,1657,15.3,32.5,15.3,14.1,17.9,POINT (-104.412009264368 34.3425624314799)
OK,Oklahoma,Beaver,40007,5018,13.9,38.4,15.2,15.3,17.8,POINT (-100.476794921527 36.7496415387971)
AL,Alabama,Lamar,1075,13661,16.7,40.8,10.9,18.8,19.8,POINT (-88.0969548281156 33.7791463830423)
NC,North Carolina,Cabarrus,37025,240016,10.8,33.3,9.9,12.4,13.5,POINT (-80.5518327021882 35.3869793087838)
MO,Missouri,Douglas,29067,12228,15.3,38.0,10.1,20.1,15.5,POINT (-92.4987394120497 36.9325353882971)
MI,Michigan,Ingham,26065,284637,10.2,34.5,6.9,13.0,14.8,POINT (-84.3736006361756 42.5970860473025)
NE,Nebraska,Jefferson,31095,7054,13.4,37.4,8.8,14.6,11.4,POINT (-97.1426241579072 40.1757684728569)
TX,Texas,Atascosa,48013,51784,15.4,42.2,27.4,13.7,,POINT (-98.5272274832312 28.8935255788909)
SD,South Dakota,Lyman,46085,3705,15.8,40.1,10.8,21.4,,POINT (-99.8474355340442 43.8960424767044)
WA,Washington,Chelan,53007,79997,10.7,29.1,11.8,11.4,,POINT (-120.618711870213 47.8688376551815)
MA,Massachusetts,Nantucket,25019,14444,8.6,27.7,4.5,9.1,8.7,POINT (-70.0734407385574 41.284227791995)
MT,Montana,Lake,30047,33338,12.2,33.0,10.2,15.5,15.0,POINT (-114.089290320548 47.6459272289418)
MS,Mississippi,Winston,28159,17416,19.5,41.7,13.1,19.8,27.9,POINT (-89.0344732941972 33.0884601939526)
AL,Alabama,Elmore,1051,90441,13.0,38.9,9.2,15.1,17.3,POINT (-86.1484340236509 32.5970686891064)
MI,Michigan,Dickinson,26043,25982,12.6,38.1,5.9,15.1,11.9,POINT (-87.870275273909 46.0091529313179)
VA,Virginia,King George,51099,28568,11.6,36.1,8.2,13.1,12.0,POINT (-77.1563967511575 38.2734816588924)
NY,New York,Washington,36115,60047,11.2,31.4,6.2,14.7,12.9,POINT (-73.430679224169 43.3138302165346)
IL,Illinois,McDonough,17109,26839,11.4,36.3,8.0,13.8,15.4,POINT (-90.6777808912349 40.4560500734705)
CO,Colorado,Costilla,8023,3628,17.0,31.6,19.6,13.5,,POINT (-105.428087516472 37.278192662225)
TX,Texas,Kendall,48259,50537,11.1,34.3,11.5,10.0,,POINT (-98.7115403167654 29.9447622449923)
GA,Georgia,Appling,13001,18457,17.4,40.6,17.9,20.3,24.5,POINT (-82.2886914217215 31.7493335724705)
MT,Montana,Madison,30057,9521,10.6,28.7,8.7,12.2,9.0,POINT (-111.920361769865 45.3005046497515)
WY,Wyoming,Lincoln,56023,20880,11.4,35.4,10.0,14.1,,POINT (-110.65625410799 42.2639412641557)
AL,Alabama,Perry,1105,7738,24.6,52.9,13.8,21.9,39.4,POINT (-87.2942727229619 32.6384797740624)
MS,Mississippi,Calhoun,28013,12685,18.2,41.1,14.0,20.1,25.2,POINT (-89.3363612688369 33.9364148056908)
IN,Indiana,Gibson,18051,32904,13.0,39.4,8.0,17.6,13.6,POINT (-87.58529744602 38.3115891747454)
MI,Michigan,Menominee,26109,22945,13.9,38.9,6.9,16.7,14.0,POINT (-87.5565973516825 45.5804081458152)
AL,Alabama,Cleburne,1029,15639,14.6,37.4,10.1,17.8,17.0,POINT (-85.5179075897695 33.6749172926082)
NE,Nebraska,Knox,31107,8298,14.1,39.8,8.9,16.0,13.5,POINT (-97.8918692211202 42.6368560722072)
TX,Texas,Fort Bend,48157,916778,12.0,30.1,12.6,9.8,,POINT (-95.7710151057797 29.527427679919)
SC,South Carolina,Cherokee,45021,56714,15.0,38.8,14.0,17.3,21.5,POINT (-81.6201801495539 35.048585264621)
VA,Virginia,Alexandria,51510,155230,9.9,32.0,7.9,9.0,10.6,POINT (-77.0855959007251 38.8183235184618)
WV,West Virginia,Pleasants,54073,7428,14.9,44.0,8.4,19.7,14.8,POINT (-81.1611582140674 39.3705911266091)
ID,Idaho,Clearwater,16035,9214,13.1,31.8,10.1,14.1,13.0,POINT (-115.656694865225 46.6735928960896)
NJ,New Jersey,Salem,34033,65338,11.9,34.0,11.0,14.7,15.6,POINT (-75.3493244183429 39.5880166974188)
MS,Mississippi,Issaquena,28055,1256,16.4,45.3,21.3,21.6,36.8,POINT (-90.9890259950925 32.7414125462659)
TX,Texas,Smith,48423,245209,13.2,37.5,15.3,13.6,,POINT (-95.2689903320297 32.3753231431175)
VT,Vermont,Lamoille,50015,26060,8.3,29.2,6.1,11.9,,POINT (-72.6417604693676 44.6070889416204)
NC,North Carolina,Washington,37187,10713,20.6,43.6,12.8,19.0,25.8,POINT (-76.5770084500192 35.8231123664106)
TX,Texas,Uvalde,48463,24960,15.7,40.1,28.5,13.1,,POINT (-99.7622517109272 29.3573842987662)
ND,North Dakota,Towner,38095,2030,15.0,43.9,8.6,16.9,13.4,POINT (-99.2456367154064 48.6856062470282)
AR,Arkansas,White,5145,78452,12.6,39.7,10.9,17.4,18.6,POINT (-91.7454779964398 35.2560865177608)
TX,Texas,Navarro,48349,55635,15.3,38.1,20.8,16.6,,POINT (-96.4726518605146 32.0468217387349)
NV,Nevada,Nye,32023,55720,15.7,39.7,13.1,17.7,17.6,POINT (-116.471809599714 38.0419684455387)
NE,Nebraska,Blaine,31009,436,13.3,39.3,7.9,15.1,11.6,POINT (-99.9767855741633 41.9128133505015)
MI,Michigan,Ontonagon,26131,5906,16.5,37.0,6.3,16.3,13.2,POINT (-89.3147994831589 46.6644135776086)
WI,Wisconsin,Waupaca,55135,51388,13.1,38.2,8.2,15.7,11.9,POINT (-88.9648874578922 44.4704262386258)
TX,Texas,Lavaca,48285,20571,14.6,36.3,15.4,14.4,,POINT (-96.9301548131153 29.3843959612115)
IN,Indiana,Fayette,18041,23362,15.4,44.9,9.4,20.2,16.8,POINT (-85.178588681036 39.6399780653961)
SC,South Carolina,Georgetown,45043,65731,16.9,31.8,9.8,11.9,14.4,POINT (-79.3325453263262 33.4333367672748)
IN,Indiana,Warrick,18173,65867,11.6,34.0,6.1,13.0,9.0,POINT (-87.272022712185 38.0922447608573)
WV,West Virginia,Wood,54107,83052,16.6,43.5,7.9,18.9,15.5,POINT (-81.5149955199239 39.2111889760022)
FL,Florida,Pasco,12101,632996,12.8,31.8,14.5,13.5,,POINT (-82.3944848610698 28.3087668412932)
GA,Georgia,Pulaski,13235,10095,16.8,40.8,15.2,18.9,24.2,POINT (-83.4761753532408 32.2321360694052)
NY,New York,Rensselaer,36083,159305,9.9,31.5,5.7,11.9,12.3,POINT (-73.5094593102978 42.7110428253963)
WI,Wisconsin,Dodge,55027,88231,11.3,42.8,8.5,14.9,12.1,POINT (-88.7074335013507 43.416249353835)
AZ,Arizona,Yavapai,4025,249081,12.1,27.0,10.6,12.0,11.5,POINT (-112.553640853115 34.5996977529402)
TX,Texas,Parmer,48369,9617,15.0,37.0,28.6,13.4,,POINT (-102.784414317939 34.5299392685081)
NC,North Carolina,Carteret,37031,69615,12.5,34.0,8.0,12.7,10.1,POINT (-76.6542732540305 34.8273639547444)
TN,Tennessee,Rhea,47143,33924,15.7,42.5,13.7,21.5,,POINT (-84.9243596929919 35.6089795034142)
OR,Oregon,Curry,41015,23296,15.7,38.4,8.1,13.4,,POINT (-124.156361485654 42.4573016325707)
MN,Minnesota,Clearwater,27029,8644,12.8,34.5,8.9,18.8,14.8,POINT (-95.3790110780952 47.577902619616)
TN,Tennessee,Cocke,47029,37404,17.2,40.3,14.0,23.9,,POINT (-83.1211811402949 35.9254591010981)
NY,New York,New York,36061,1597451,8.9,19.2,6.8,8.2,14.7,POINT (-73.9714738348854 40.7722884387458)
MI,Michigan,Huron,26063,30927,14.3,38.6,7.0,16.6,14.3,POINT (-83.0196504596317 43.8334172806921)
ID,Idaho,Nez Perce,16069,42987,10.8,37.7,9.5,13.5,13.1,POINT (-116.749939019682 46.3271022270792)
MN,Minnesota,Brown,27015,25628,11.5,35.5,8.1,14.6,11.1,POINT (-94.7275709404096 44.2421718867323)
IL,Illinois,Edgar,17045,16334,13.6,37.5,8.1,16.4,14.4,POINT (-87.7455506035259 39.6785617385241)
IA,Iowa,Iowa,19095,16381,11.7,43.4,6.6,14.8,10.5,POINT (-92.0651878097029 41.6862406700397)
MO,Missouri,Cooper,29053,16947,12.2,37.5,8.7,16.6,12.7,POINT (-92.8101598105797 38.843489327174)
KS,Kansas,Finney,20055,37466,13.1,37.3,21.1,15.3,21.6,POINT (-100.737646065991 38.0440536110276)
IN,Indiana,Benton,18007,8729,14.2,42.4,9.7,18.8,15.8,POINT (-87.3107747843354 40.6063412111328)
IN,Indiana,Monroe,18105,139342,9.9,32.5,7.0,12.2,12.7,POINT (-86.523228001631 39.1608320398439)
IA,Iowa,Butler,19023,14172,12.6,39.3,6.9,15.7,11.3,POINT (-92.7901998363377 42.7315884100093)
AR,Arkansas,Columbia,5027,22150,14.4,37.7,11.0,16.1,23.6,POINT (-93.2275288321248 33.2144070346383)
FL,Florida,Hamilton,12047,13471,17.6,41.5,19.4,20.6,,POINT (-82.9479422377151 30.4963440419861)
TX,Texas,Martin,48317,5216,12.1,36.0,21.8,14.0,,POINT (-101.951315595518 32.3060050931202)
WY,Wyoming,Crook,56011,7592,11.5,32.6,9.5,13.5,,POINT (-104.569576215136 44.5885182060997)
NM,New Mexico,Taos,35055,34405,15.2,27.9,13.8,11.2,16.5,POINT (-105.63098311438 36.5783384910955)
MI,Michigan,Washtenaw,26161,365536,8.7,27.5,5.2,9.8,11.0,POINT (-83.8388014669744 42.2532412476672)
MI,Michigan,Livingston,26093,196757,9.7,32.3,4.7,11.9,8.8,POINT (-83.9115825898176 42.6029888089791)
OK,Oklahoma,Nowata,40105,9438,15.2,40.5,10.2,20.3,20.2,POINT (-95.6173671917311 36.7984587733773)
MO,Missouri,St. Clair,29185,9752,16.2,37.6,10.2,20.9,16.1,POINT (-93.7760224318696 38.0371732557425)
MS,Mississippi,Oktibbeha,28105,51203,10.9,34.5,10.1,12.4,19.7,POINT (-88.8793086175243 33.4250380065366)
TX,Texas,Childress,48075,6788,12.0,36.1,21.6,14.7,,POINT (-100.207774384302 34.5292988540365)
WI,Wisconsin,Monroe,55081,46151,12.8,44.4,9.0,17.1,14.1,POINT (-90.6180280525809 43.9459869831102)
TN,Tennessee,Marshall,47117,36961,13.6,40.0,11.9,18.8,,POINT (-86.765342042301 35.4689863996802)
NY,New York,Bronx,36005,1356476,16.1,33.5,15.6,13.2,37.0,POINT (-73.8639682834492 40.8500845301366)
VA,Virginia,Roanoke,51161,97026,12.0,34.4,7.2,11.9,9.9,POINT (-80.0681535863564 37.2695975499494)
KS,Kansas,Jewell,20089,2847,15.8,39.1,9.2,17.3,13.1,POINT (-98.2182221957202 39.7847143160624)
FL,Florida,Leon,12073,296913,10.6,33.1,11.2,11.3,,POINT (-84.2782658595301 30.4579959957893)
ME,Maine,Somerset,23025,51302,13.9,37.2,9.5,19.7,14.5,POINT (-69.959045271424 45.5138889144984)
ND,North Dakota,Adams,38001,2163,14.1,34.8,8.0,15.3,12.0,POINT (-102.5284049481 46.0968716061517)
TN,Tennessee,Hawkins,47073,58600,16.0,41.1,12.0,21.2,,POINT (-82.9450444113545 36.4415694490017)
TX,Texas,Oldham,48359,1783,13.3,36.1,15.0,15.3,,POINT (-102.602717239407 35.4042067175398)
OH,Ohio,Vinton,39163,12474,15.4,40.3,9.5,21.2,17.0,POINT (-82.4851248671181 39.2511886305124)
CA,California,Fresno,6019,1017162,12.7,37.7,14.6,13.2,24.9,POINT (-119.64899454546 36.7581714404224)
MS,Mississippi,Quitman,28119,5546,22.8,51.2,15.4,23.2,39.4,POINT (-90.2892529683355 34.2512280348671)
LA,Louisiana,East Carroll,22035,6829,22.0,51.2,16.1,28.4,46.4,POINT (-91.2350797653232 32.7324975675063)
WV,West Virginia,Webster,54101,8045,19.5,42.9,10.4,24.2,19.8,POINT (-80.4221064541905 38.4946072732535)
KS,Kansas,Meade,20119,3911,12.5,36.8,12.8,15.8,14.7,POINT (-100.365566748715 37.2382604022196)
TX,Texas,Terrell,48443,687,15.0,33.8,16.8,9.2,,POINT (-102.076351165214 30.2251185411678)
TX,Texas,Comanche,48093,14050,14.8,36.7,18.1,14.5,,POINT (-98.5581879467796 31.9479319781139)
TX,Texas,Mitchell,48335,9075,13.3,38.4,24.2,16.0,,POINT (-100.92119615452 32.3062215177593)
SC,South Carolina,Pickens,45077,135495,12.1,35.4,11.6,13.5,17.0,POINT (-82.7248279101052 34.8875012785259)
GA,Georgia,White,13311,29026,13.2,35.0,11.5,14.7,12.5,POINT (-83.7466369042174 34.6465178296611)
GA,Georgia,Harris,13145,36654,12.6,33.0,9.6,12.2,11.1,POINT (-84.9080983606134 32.7360422187992)
AR,Arkansas,Miller,5091,42415,15.3,38.1,12.2,19.1,23.8,POINT (-93.8924281761086 33.3123156126392)
MO,Missouri,Macon,29121,15161,12.9,34.4,8.5,16.9,12.3,POINT (-92.5645284605799 39.8304533484823)
SD,South Dakota,Spink,46115,6166,12.9,36.0,8.4,15.1,,POINT (-98.3462296047669 44.9380991635483)
NC,North Carolina,Duplin,37061,49520,15.5,39.4,15.8,16.3,21.4,POINT (-77.9328634793398 34.9363853110288)
IA,Iowa,Decatur,19053,7665,12.4,39.6,8.1,15.9,13.9,POINT (-93.7863886411411 40.7375938894214)
KS,Kansas,Clark,20025,1847,12.1,36.8,9.8,13.9,11.6,POINT (-99.8196192691957 37.2354754028938)
ID,Idaho,Blaine,16013,25041,10.2,23.1,10.5,9.6,10.2,POINT (-113.979666235261 43.4116034636535)
WI,Wisconsin,Racine,55101,196613,12.5,42.3,9.6,14.7,14.2,POINT (-88.0615110425471 42.7474549331325)
NM,New Mexico,Cibola,35006,26780,16.6,39.1,16.1,19.4,28.6,POINT (-107.999572657595 34.9125517104749)
TX,Texas,Rains,48379,12986,14.1,35.8,12.4,14.6,,POINT (-95.7937641359223 32.8701771320508)
IL,Illinois,Jersey,17083,21091,11.7,39.0,6.9,14.0,11.6,POINT (-90.3562462972533 39.0855866355985)
IA,Iowa,Marion,19125,33770,10.5,39.4,5.9,13.3,9.3,POINT (-93.0994398288825 41.3344521497994)
NC,North Carolina,Alamance,37001,179165,12.2,38.5,11.7,13.9,16.4,POINT (-79.3994760246283 36.0436739846115)
MN,Minnesota,Redwood,27127,15288,12.8,36.5,8.5,16.3,13.5,POINT (-95.25367555994 44.4036089049242)
VA,Virginia,Goochland,51075,27197,12.2,33.0,6.0,10.1,7.9,POINT (-77.9155499800322 37.7223004488035)
OK,Oklahoma,Kingfisher,40073,15481,11.9,37.1,12.1,15.6,15.7,POINT (-97.9417611779196 35.9455302703201)
SD,South Dakota,Lawrence,46081,28053,11.4,32.7,8.0,14.2,,POINT (-103.792078633994 44.3585402396414)
MO,Missouri,Dallas,29059,17768,14.9,39.5,10.2,21.4,17.0,POINT (-93.0235850418397 37.680556038393)
CA,California,Amador,6005,41811,11.8,29.6,7.5,12.2,11.9,POINT (-120.650760892534 38.4464297028895)
AL,Alabama,Crenshaw,1041,13101,16.6,40.5,11.2,18.1,21.8,POINT (-86.3135271841638 31.7314522019174)
LA,Louisiana,Madison,22065,9246,22.6,49.9,13.0,25.5,41.2,POINT (-91.2418235757553 32.3648754417942)
MI,Michigan,Charlevoix,26029,26159,12.3,35.0,5.4,13.1,10.2,POINT (-85.1290448325505 45.3057891568956)
OH,Ohio,Athens,39009,62706,11.5,34.5,7.8,15.2,14.9,POINT (-82.0448471943357 39.3339958943025)
TX,Texas,Caldwell,48055,49859,14.6,42.2,25.9,14.4,,POINT (-97.6196838584174 29.8365723490979)
MN,Minnesota,Beltrami,27007,46718,11.3,38.5,8.2,17.5,15.7,POINT (-94.9384255652985 47.9740071822672)
NE,Nebraska,Johnson,31097,5198,11.6,38.1,12.3,15.6,14.0,POINT (-96.2651014055988 40.392522032894)
GA,Georgia,Cobb,13067,776743,10.9,29.9,10.7,10.4,12.5,POINT (-84.5766180640985 33.9414862314987)
IA,Iowa,Ringgold,19159,4642,12.2,42.7,6.4,14.8,10.5,POINT (-94.2438634221954 40.7351451515306)
NY,New York,Wyoming,36121,39532,11.2,35.6,7.0,15.1,14.2,POINT (-78.2234922476707 42.7023297025041)
TX,Texas,Wilbarger,48487,12522,16.5,39.6,21.3,18.2,,POINT (-99.2410421710435 34.0808690449227)
MS,Mississippi,Wayne,28153,19703,17.8,44.2,13.2,20.2,27.1,POINT (-88.6958163057915 31.6408254595216)
AL,Alabama,Marion,1093,29244,15.5,42.4,11.0,18.5,19.0,POINT (-87.8871984960778 34.1365876476739)
MT,Montana,Daniels,30019,1633,11.2,33.5,9.1,13.3,10.5,POINT (-105.54860900657 48.783772051162)
KS,Kansas,Rice,20159,9260,11.9,39.5,10.0,14.5,12.1,POINT (-98.2007483911604 38.3471865068447)
AK,Alaska,Southeast Fairbanks,2240,7077,10.2,35.7,11.5,18.3,15.2,POINT (-143.213550848982 63.8762788125121)
SD,South Dakota,Campbell,46021,1340,13.8,33.0,8.2,13.7,,POINT (-100.051750537836 45.7712476164839)
IL,Illinois,Champaign,17019,205644,9.6,31.1,7.5,11.1,14.7,POINT (-88.199247034004 40.1399616455591)
MN,Minnesota,Jackson,27063,9919,11.7,35.8,7.7,14.1,10.4,POINT (-95.1541374809809 43.6741709035012)
MO,Missouri,Randolph,29175,24109,12.7,37.7,9.8,19.4,15.5,POINT (-92.4971735700748 39.4401347029578)
CO,Colorado,Mesa,8077,159681,9.8,29.8,11.0,12.7,,POINT (-108.466537411781 39.0183551841305)
IN,Indiana,Scott,18143,24657,14.1,42.3,9.4,20.0,16.3,POINT (-85.7470610792329 38.6857746467527)
NE,Nebraska,Thomas,31171,677,11.3,36.6,8.1,11.9,9.2,POINT (-100.555663288734 41.9135892531917)
MN,Minnesota,Watonwan,27165,11077,12.9,36.8,13.4,14.9,15.5,POINT (-94.6141282659352 43.9784120442015)
IA,Iowa,Warren,19181,55205,9.7,38.7,5.7,12.6,8.7,POINT (-93.5613579046369 41.3344050670246)
WI,Wisconsin,Marathon,55073,138612,10.9,36.3,7.7,14.3,11.2,POINT (-89.7588560093353 44.8983004431375)
GA,Georgia,Cherokee,13057,286602,11.0,33.5,10.7,11.7,10.8,POINT (-84.4762808876955 34.2438335835566)
LA,Louisiana,Acadia,22001,56489,16.5,41.8,10.4,21.9,26.3,POINT (-92.4117177610375 30.2903815579657)
TX,Texas,Hood,48221,67774,12.5,33.2,11.7,12.0,,POINT (-97.832107492052 32.4300324854854)
VA,Virginia,Galax,51640,6717,16.3,39.4,13.2,19.2,20.9,POINT (-80.9153595525534 36.6698785570371)
FL,Florida,Bradford,12007,27858,14.4,34.9,15.8,19.3,,POINT (-82.1687798507679 29.9496087311112)
NC,North Carolina,Greene,37079,20530,15.9,42.8,16.9,19.6,26.1,POINT (-77.6758039116837 35.4849054091072)
AR,Arkansas,Little River,5081,11805,15.7,41.3,10.8,17.8,20.6,POINT (-94.2341214453394 33.7020296690166)
MO,Missouri,Polk,29167,32780,13.0,38.7,9.8,18.9,15.6,POINT (-93.4004552714564 37.6164897040751)
WV,West Virginia,Lincoln,54043,19701,18.5,45.6,10.4,24.6,20.6,POINT (-82.0709294651021 38.1746145924151)
TN,Tennessee,Wayne,47181,16066,15.4,40.5,14.0,23.1,,POINT (-87.7884393295724 35.2401834961045)
TX,Texas,Schleicher,48413,2391,14.8,36.0,22.5,12.3,,POINT (-100.538360501856 30.8975258274711)
CA,California,Santa Barbara,6083,441257,10.8,26.1,11.7,10.7,17.7,POINT (-120.015341806806 34.6714050399297)
TN,Tennessee,Gibson,47053,51045,14.7,39.6,12.2,20.1,,POINT (-88.9323952175504 35.9963201615128)
OK,Oklahoma,Grady,40051,57375,12.0,38.4,10.0,16.3,15.3,POINT (-97.8841663460881 35.0166148085145)
ND,North Dakota,Oliver,38065,1879,11.7,34.6,6.4,13.1,8.5,POINT (-101.340679604409 47.1153026109609)
MT,Montana,Richland,30083,11173,9.2,37.9,9.3,13.8,10.1,POINT (-104.561462330904 47.7879142999994)
CO,Colorado,Morgan,8087,29524,10.9,32.1,17.9,13.8,,POINT (-103.810070739977 40.2628578824712)
NH,New Hampshire,Rockingham,33015,320689,9.1,31.2,5.9,9.9,8.2,POINT (-71.1255643133012 42.9875838743513)
GA,Georgia,Fulton,13121,1079105,10.9,28.2,10.1,9.9,14.8,POINT (-84.4671331339505 33.7900005623491)
NM,New Mexico,Mora,35033,4123,18.5,33.1,19.4,10.6,20.7,POINT (-104.945208546149 36.0107901059259)
MO,Missouri,Boone,29019,189463,9.5,29.8,7.5,12.2,12.1,POINT (-92.3097468744256 38.9911551381179)
AL,Alabama,St. Clair,1115,95552,13.0,39.6,9.2,15.2,15.4,POINT (-86.3145905166032 33.7153193943775)
WA,Washington,Walla Walla,53071,61568,10.6,34.1,10.8,11.1,,POINT (-118.478679518846 46.2297482789784)
CT,Connecticut,Southeastern Connecticut,9180,279634,10.0,32.5,9.6,10.8,14.2,POINT (-72.1004124325639 41.50316428787)
MN,Minnesota,Meeker,27093,23490,12.2,37.1,7.8,15.6,11.2,POINT (-94.5268543213058 45.123016355784)
NC,North Carolina,Perquimans,37143,13377,15.3,37.3,9.9,15.2,15.0,POINT (-76.4398245484823 36.2049769828067)
AK,Alaska,Hoonah-Angoon,2105,2262,14.8,37.1,10.2,19.5,17.8,POINT (-135.641352469501 58.2866674624936)
NY,New York,Saratoga,36091,238711,9.6,33.1,4.7,10.6,9.1,POINT (-73.8637604917138 43.1069691252808)
NJ,New Jersey,Burlington,34005,469167,10.5,30.2,8.3,10.9,11.4,POINT (-74.6679370532551 39.8779607666987)
VA,Virginia,Fluvanna,51065,28462,12.6,39.1,7.3,12.5,11.0,POINT (-78.276935562094 37.8422291049005)
SD,South Dakota,Grant,46051,7553,12.8,37.3,9.4,14.7,,POINT (-96.7679445761964 45.17218531436)
TX,Texas,Bailey,48017,6672,15.5,38.8,30.2,14.4,,POINT (-102.82988444052 34.0685882519589)
CO,Colorado,Denver,8031,716577,7.1,21.6,12.5,10.3,,POINT (-104.876829827118 39.7613507378355)
MA,Massachusetts,Worcester,25027,866866,10.4,32.6,5.4,12.3,13.1,POINT (-71.907721776532 42.3513441194523)
NY,New York,Fulton,36035,52234,12.1,35.8,6.7,16.0,15.7,POINT (-74.4220932664269 43.1138238257635)
AL,Alabama,Franklin,1059,31802,16.4,42.2,15.7,19.2,23.8,POINT (-87.8436750232892 34.4417388803873)
VA,Virginia,Bath,51017,4051,18.4,38.8,10.4,19.3,16.8,POINT (-79.7412639494184 38.0584365366925)
ND,North Dakota,Foster,38031,3309,11.8,35.7,6.6,13.3,9.3,POINT (-98.8828143321964 47.4570556413671)
OK,Oklahoma,McIntosh,40091,19603,17.7,44.8,11.3,21.8,22.7,POINT (-95.6667724737982 35.3737043637911)
OR,Oregon,Harney,41025,7440,15.0,38.8,8.9,16.2,,POINT (-118.967996308157 43.0639531792171)
CA,California,Orange,6059,3135755,11.5,23.9,8.9,9.2,15.0,POINT (-117.761130979135 33.702790446535)
MO,Missouri,Barry,29009,35265,15.0,37.8,12.0,20.2,17.3,POINT (-93.8290276742636 36.7098311281883)
VA,Virginia,Virginia Beach,51810,453649,12.3,36.7,8.1,11.9,12.2,POINT (-76.0436032556912 36.7335606676589)
OR,Oregon,Sherman,41055,1951,14.2,36.6,9.0,15.3,,POINT (-120.68938732738 45.4052253300695)
MS,Mississippi,Clay,28025,18206,19.1,47.6,13.1,19.1,29.4,POINT (-88.7823336987574 33.6559798711503)
GA,Georgia,Laurens,13175,49941,16.4,44.0,14.3,18.1,23.3,POINT (-82.9221481443504 32.4634419341698)
KS,Kansas,Gray,20069,5743,11.2,39.5,12.9,15.6,14.3,POINT (-100.437963131755 37.7385173809525)
TX,Texas,Gregg,48183,126243,13.5,36.8,16.3,15.3,,POINT (-94.8172129149567 32.4804256310109)
NC,North Carolina,Lincoln,37109,95675,11.5,35.0,9.4,14.0,11.9,POINT (-81.2240721915513 35.4855553677493)
GA,Georgia,Morgan,13211,21460,12.9,31.7,10.6,13.0,12.4,POINT (-83.4922780042542 33.5910799753336)
AR,Arkansas,Perry,5105,10184,14.1,38.9,10.2,17.6,16.4,POINT (-92.9308792596259 34.9473919842415)
MS,Mississippi,Sharkey,28125,3336,25.2,50.3,15.2,22.8,38.9,POINT (-90.8134092594073 32.8799116310974)
MI,Michigan,Ottawa,26139,303372,9.4,32.3,6.5,11.4,11.2,POINT (-85.996165909642 42.9598343114753)
IN,Indiana,Ohio,18115,6004,14.3,39.5,7.3,16.6,11.8,POINT (-84.9654176397488 38.9500282087554)
NE,Nebraska,Brown,31017,2853,13.2,40.2,10.0,14.7,12.7,POINT (-99.9294960789212 42.4301633100803)
UT,Utah,Rich,49033,2670,11.6,32.7,8.6,10.1,11.5,POINT (-111.244381758002 41.6321339779205)
SC,South Carolina,Beaufort,45013,198979,12.7,29.6,10.6,9.6,12.2,POINT (-80.7300476561363 32.3857901390983)
NE,Nebraska,McPherson,31117,383,13.3,38.5,6.9,13.2,9.9,POINT (-101.059890687006 41.5680379638946)
ND,North Dakota,Ramsey,38071,11463,12.3,40.8,7.7,15.4,12.3,POINT (-98.7196582443266 48.2692014615205)
IN,Indiana,White,18181,24917,14.6,44.6,9.4,16.4,13.6,POINT (-86.8651715868803 40.7497485532469)
OH,Ohio,Noble,39121,14311,18.0,41.6,8.8,18.5,13.6,POINT (-81.4555238795305 39.7661009290061)
WI,Wisconsin,Jefferson,55055,85743,10.7,40.7,7.9,13.4,10.6,POINT (-88.7759315522696 43.0208620651204)
NM,New Mexico,Lincoln,35027,20029,14.4,30.0,12.4,12.6,15.1,POINT (-105.459231313545 33.7455208510099)
AR,Arkansas,Sharp,5135,17968,16.2,39.4,11.1,19.3,18.5,POINT (-91.4796648363714 36.1612525766705)
MS,Mississippi,Monroe,28095,33609,16.7,42.9,11.7,18.7,22.4,POINT (-88.4805556828902 33.8921945933454)
OH,Ohio,Logan,39091,46057,14.0,39.3,7.8,17.5,13.0,POINT (-83.76563102183 40.3884968079535)
ID,Idaho,Power,16077,8253,12.1,37.5,17.2,13.8,18.3,POINT (-112.83983825663 42.6930636583738)
MN,Minnesota,Pine,27115,30197,13.1,39.6,8.7,18.1,13.8,POINT (-92.7413892016485 46.1207288460202)
WV,West Virginia,Braxton,54007,12162,19.1,41.5,10.3,24.1,20.1,POINT (-80.7194778355892 38.6999018711632)
GA,Georgia,Fannin,13111,25955,16.5,38.2,11.5,16.1,13.6,POINT (-84.3204086574096 34.864592267803)
NC,North Carolina,Cherokee,37039,29959,15.2,34.8,9.2,15.6,13.0,POINT (-84.0637476312268 35.1337276354312)
UT,Utah,Daggett,49009,992,13.5,33.1,9.7,11.0,11.9,POINT (-109.50763685378 40.8872477333969)
VA,Virginia,Prince William,51153,489640,11.4,34.3,10.4,11.1,13.2,POINT (-77.4806568205159 38.7028887252261)
MT,Montana,Musselshell,30065,5308,12.7,35.6,10.4,15.4,12.9,POINT (-108.397686370249 46.4967819967113)
DC,District of Columbia,District of Columbia,11001,678972,7.8,24.7,6.5,9.4,13.9,POINT (-77.0162965438829 38.9047814917885)
TN,Tennessee,Henry,47079,32554,16.9,38.2,12.3,21.0,,POINT (-88.3011213574878 36.3321762008328)
FL,Florida,St. Johns,12109,320110,10.6,29.2,8.9,10.1,,POINT (-81.4404722322229 29.9015394601225)
TX,Texas,Johnson,48251,202906,11.9,33.4,16.3,14.4,,POINT (-97.3667838831373 32.378886664573)
MS,Mississippi,Covington,28031,18059,15.6,40.4,11.6,18.0,22.5,POINT (-89.552615522903 31.6333020921756)
TN,Tennessee,Dickson,47043,56729,12.7,37.6,11.2,18.0,,POINT (-87.3566117354083 36.1488949265388)
OR,Oregon,Polk,41053,89805,10.9,32.5,8.9,11.8,,POINT (-123.413199130106 44.9034725439217)
IL,Illinois,Ford,17053,13250,12.4,37.7,8.5,15.8,14.5,POINT (-88.2232288965675 40.5969753516825)
MN,Minnesota,Dakota,27037,447440,9.7,34.5,7.1,11.3,9.7,POINT (-93.0651627248134 44.6719521040191)
CA,California,Modoc,6049,8500,14.9,31.9,8.6,14.8,16.3,POINT (-120.725180763953 41.5897153747434)
IL,Illinois,LaSalle,17099,108309,12.4,37.8,9.3,15.0,14.7,POINT (-88.8859769215142 41.3440507030561)
CO,Colorado,Chaffee,8015,20617,10.2,25.7,9.3,12.1,,POINT (-106.19433436673 38.7474050800517)
VA,Virginia,Montgomery,51121,98666,9.6,28.0,7.7,11.8,12.0,POINT (-80.3869155076976 37.1749810714002)
NE,Nebraska,Dodge,31053,37187,11.9,39.7,12.2,15.0,13.7,POINT (-96.654407836059 41.5779256697394)
GA,Georgia,Madison,13195,32191,14.7,38.1,14.9,18.2,19.0,POINT (-83.208839298552 34.1279893403343)
LA,Louisiana,Grant,22043,21911,13.7,39.9,11.0,20.1,22.1,POINT (-92.5588666303175 31.599733330051)
IA,Iowa,Henry,19087,19547,12.5,38.8,7.8,16.1,12.1,POINT (-91.5444699002879 40.9877792482402)
NY,New York,Montgomery,36057,49368,11.5,38.8,8.3,15.2,17.4,POINT (-74.4398302123648 42.9023460967944)
NY,New York,Ontario,36069,112494,10.5,30.7,5.4,11.5,10.8,POINT (-77.2997879572198 42.8526286651693)
OH,Ohio,Trumbull,39155,200373,15.5,39.7,8.7,18.4,16.1,POINT (-80.761219036042 41.3170156745471)
AZ,Arizona,Navajo,4017,109175,15.1,37.6,13.0,18.8,24.5,POINT (-110.321421073074 35.3997521187229)
CA,California,Tehama,6103,64896,13.0,31.6,10.8,15.1,18.8,POINT (-122.233446855354 40.1257133258826)
NM,New Mexico,Union,35059,3964,14.7,34.3,17.0,15.3,21.1,POINT (-103.471160512333 36.4816833554735)
VA,Virginia,Fairfax,51600,25144,11.1,31.8,8.4,9.2,10.4,POINT (-77.2993263151397 38.8527530811512)
NC,North Carolina,Swain,37173,13916,15.2,40.7,11.4,19.8,20.6,POINT (-83.4925803630805 35.4868277405668)
AR,Arkansas,Clark,5019,21274,12.9,40.0,10.4,15.0,20.3,POINT (-93.1767308539705 34.0510757211807)
GA,Georgia,Spalding,13255,69946,16.0,39.7,15.0,17.0,22.3,POINT (-84.2837617317625 33.2610319090476)
LA,Louisiana,Ouachita,22073,157568,15.4,43.9,8.6,17.9,24.5,POINT (-92.1548534409084 32.4781305546394)
KS,Kansas,Kingman,20095,7066,12.0,39.8,8.8,16.4,12.0,POINT (-98.1363740803927 37.5589239415057)
MN,Minnesota,Roseau,27135,15252,11.8,35.9,7.8,15.6,12.0,POINT (-95.8109214418466 48.7750568516818)
FL,Florida,Highlands,12055,107614,18.3,36.7,17.9,14.3,,POINT (-81.3412000386981 27.3435764189607)
ID,Idaho,Fremont,16043,14196,10.5,32.7,11.3,12.9,13.1,POINT (-111.48216300412 44.2287442250408)
NE,Nebraska,Dakota,31043,21268,12.8,44.3,17.5,14.7,19.3,POINT (-96.5647947059576 42.3911423642354)
TX,Texas,Blanco,48031,13048,13.1,34.5,11.9,11.5,,POINT (-98.3998185456152 30.2664009736468)
ND,North Dakota,Sioux,38085,3643,20.2,49.1,13.3,32.9,42.7,POINT (-101.040403621704 46.1125400379679)
NC,North Carolina,Pamlico,37137,12423,15.2,36.0,9.6,14.3,13.5,POINT (-76.7287126546537 35.1471252533281)
TX,Texas,Cameron,48061,426710,18.3,40.3,35.9,13.0,,POINT (-97.5145766684894 26.1339963074045)
IA,Iowa,Cedar,19031,18302,11.9,40.8,6.5,15.2,10.4,POINT (-91.1325176867671 41.7723216591621)
AK,Alaska,Lake and Peninsula,2164,1331,14.6,39.4,12.1,24.7,25.8,POINT (-156.194112811655 58.6489291768631)
WI,Wisconsin,Ozaukee,55089,93460,10.1,30.3,5.5,10.3,7.3,POINT (-87.9514940839828 43.3839313389774)
MO,Missouri,Saline,29195,23049,12.4,37.7,10.7,16.2,15.3,POINT (-93.2018268315702 39.1367890617691)
FL,Florida,Jefferson,12065,15450,16.3,35.1,14.1,17.1,,POINT (-83.895075021285 30.437785613323)
SC,South Carolina,Dorchester,45035,169833,12.8,35.4,11.2,13.2,15.6,POINT (-80.4062744564851 33.0797689904991)
KS,Kansas,Rawlins,20153,2463,14.7,41.9,9.4,16.8,12.6,POINT (-101.076180025598 39.7852449359298)
TX,Texas,Zavala,48507,9312,22.6,47.5,42.4,18.0,,POINT (-99.7607080145208 28.8660567049195)
ME,Maine,Hancock,23009,56526,11.2,29.4,7.5,13.3,9.6,POINT (-68.3588356549835 44.6432336584807)
MI,Michigan,Manistee,26101,25562,13.7,36.6,7.1,15.6,13.8,POINT (-86.0569772132245 44.3329667020985)
OH,Ohio,Greene,39057,169691,11.2,37.8,6.5,12.3,10.3,POINT (-83.8900404276245 39.6915038814677)
IA,Iowa,Dubuque,19061,98887,10.4,34.3,6.4,13.6,10.9,POINT (-90.8822885892832 42.4687641606494)
ND,North Dakota,McIntosh,38051,2488,14.4,35.8,8.6,15.6,12.2,POINT (-99.4415001719655 46.1117371127259)
KS,Kansas,Coffey,20031,8251,12.7,36.9,8.7,16.2,11.7,POINT (-95.734075635778 38.2367806739877)
GA,Georgia,Lowndes,13185,120712,12.9,38.7,14.2,15.0,21.7,POINT (-83.2675650668111 30.8338264319898)
IL,Illinois,Bureau,17011,32729,13.2,38.1,9.1,14.8,14.2,POINT (-89.5286007041431 41.4040731451308)
TN,Tennessee,Shelby,47157,910042,15.9,39.7,12.2,17.2,,POINT (-89.8940926518089 35.1842443143079)
KS,Kansas,Smith,20183,3590,13.3,39.0,7.8,14.7,10.1,POINT (-98.7856726108241 39.7851738755632)
IN,Indiana,Randolph,18135,24216,14.4,38.7,9.2,18.7,15.0,POINT (-85.0113636481771 40.1576285167494)
WA,Washington,Franklin,53021,99034,10.8,35.2,19.6,12.1,,POINT (-118.898698577886 46.5349678078795)
AR,Arkansas,Johnson,5071,26129,14.6,37.4,13.8,18.3,21.0,POINT (-93.4598912643847 35.5697554205716)
NY,New York,Dutchess,36027,297150,9.9,28.2,6.5,11.0,12.2,POINT (-73.7429906726058 41.7652670782153)
OH,Ohio,Clinton,39027,41938,13.5,39.7,8.1,17.7,14.1,POINT (-83.8084036693333 39.4149624798012)
LA,Louisiana,Terrebonne,22109,103616,15.2,41.3,9.3,18.8,21.8,POINT (-90.8657321602458 29.409564203324)
GA,Georgia,Ben Hill,13017,17128,19.1,41.5,17.2,21.3,28.6,POINT (-83.2201013731344 31.7598658473222)
IL,Illinois,Union,17181,16667,14.1,39.8,9.3,17.1,16.5,POINT (-89.254700769534 37.4711791963794)
SD,South Dakota,Bon Homme,46009,7065,12.8,37.0,10.4,17.7,,POINT (-97.8849117168364 42.988389640779)
TN,Tennessee,Cannon,47015,15063,14.5,43.1,12.6,20.8,,POINT (-86.0620244228136 35.8078340461954)
NC,North Carolina,Gates,37073,10343,15.8,39.0,10.1,16.6,17.9,POINT (-76.7006756971434 36.4450179921853)
WI,Wisconsin,Forest,55041,9325,16.7,46.0,9.1,19.9,15.5,POINT (-88.7706647146097 45.6675721947633)
MN,Minnesota,Ramsey,27123,536075,10.5,32.1,7.8,12.5,14.5,POINT (-93.0995862796907 45.0173290838967)
CO,Colorado,Larimer,8069,370771,7.3,23.5,8.6,9.6,,POINT (-105.461215856163 40.6664443621861)
TX,Texas,Guadalupe,48187,188454,12.8,34.7,17.1,12.5,,POINT (-97.9484215205063 29.5831773048302)
VA,Virginia,Brunswick,51025,15749,18.2,43.4,12.3,17.9,24.0,POINT (-77.8589942173027 36.7646201397098)
VA,Virginia,Halifax,51083,33432,19.3,40.2,11.2,18.4,21.4,POINT (-78.9367301887828 36.7670952813908)
MD,Maryland,Washington,24043,155813,13.3,39.0,9.4,15.1,15.9,POINT (-77.8132789094365 39.6036026379681)
AL,Alabama,Tallapoosa,1123,40677,16.8,39.5,10.0,16.3,19.2,POINT (-85.797257686572 32.862586933353)
IL,Illinois,Iroquois,17075,26136,13.9,40.6,9.6,16.4,15.8,POINT (-87.8244224208504 40.7472630732561)
NC,North Carolina,Ashe,37009,27063,14.0,36.2,10.2,15.5,13.1,POINT (-81.5005505989795 36.4341479679829)
IA,Iowa,Taylor,19173,5924,12.9,39.7,8.5,16.3,12.4,POINT (-94.6961245719566 40.7374382816597)
IL,Illinois,Wayne,17191,15761,13.6,39.9,8.5,17.0,15.1,POINT (-88.4256485146764 38.4296548154976)
OK,Oklahoma,Ottawa,40115,30287,15.2,41.7,11.8,21.3,22.8,POINT (-94.8106076020458 36.8356615128431)
IN,Indiana,Jackson,18071,46460,13.6,39.6,10.1,17.3,14.9,POINT (-86.0375748165794 38.906408168232)
CA,California,San Benito,6069,68175,11.3,31.5,13.9,10.9,18.9,POINT (-121.074673078268 36.605429011687)
MS,Mississippi,Madison,28089,112511,12.4,36.3,8.1,12.0,14.1,POINT (-90.0333341183611 32.6345965411906)
TN,Tennessee,McMinn,47107,55678,15.4,46.8,12.4,19.7,,POINT (-84.6172948206677 35.4249726546414)
CO,Colorado,Phillips,8095,4476,11.9,28.9,14.6,14.3,,POINT (-102.357399923211 40.5940489294247)
VT,Vermont,Caledonia,50005,30610,10.1,31.3,6.6,13.7,,POINT (-72.1022829432441 44.4646813243613)
KS,Kansas,Neosho,20133,15420,13.1,39.5,9.4,16.6,13.8,POINT (-95.3069948134966 37.5584277161945)
IA,Iowa,Pocahontas,19151,6976,13.3,36.2,7.8,15.9,12.1,POINT (-94.6785238954199 42.7342435564067)
NY,New York,Warren,36113,65380,11.2,31.0,5.3,12.2,10.9,POINT (-73.8460179617174 43.5608247016159)
TN,Tennessee,Williamson,47187,264460,10.0,29.4,6.9,10.4,,POINT (-86.8989340383962 35.8940837311549)
NJ,New Jersey,Warren,34041,111252,10.0,32.5,9.1,11.6,11.4,POINT (-74.9973900793085 40.8572932808304)
WV,West Virginia,Roane,54087,13743,19.4,41.6,10.3,23.9,20.3,POINT (-81.3481814780551 38.713994096242)
TX,Texas,Armstrong,48011,1832,12.6,33.3,11.4,12.8,,POINT (-101.357434461818 34.964933848921)
GA,Georgia,Grady,13131,26066,17.2,38.5,16.8,17.9,23.0,POINT (-84.2345883560959 30.8746760593024)
LA,Louisiana,Avoyelles,22009,38408,17.7,43.0,11.4,23.2,29.7,POINT (-92.0013175200178 31.076280991529)
AR,Arkansas,Desha,5041,10479,21.2,46.6,16.0,22.3,34.7,POINT (-91.2552412838777 33.8308426422596)
MT,Montana,Judith Basin,30045,2093,12.9,31.5,9.3,14.9,12.1,POINT (-110.266028433991 47.0453660224611)
SD,South Dakota,Tripp,46123,5621,15.3,37.0,10.1,18.9,,POINT (-99.8839778474528 43.346001016691)
IN,Indiana,Steuben,18151,34917,13.5,34.8,7.8,15.4,12.0,POINT (-85.0008949323746 41.6439136976393)
SD,South Dakota,Buffalo,46017,1884,17.5,48.5,14.6,31.7,,POINT (-99.204863976576 44.076479067497)
WA,Washington,Pend Oreille,53051,14361,13.3,38.9,7.8,13.6,,POINT (-117.27408079961 48.5323440238714)
MN,Minnesota,Wabasha,27157,21683,11.6,37.5,7.0,13.9,9.7,POINT (-92.230222480995 44.2842686778372)
TX,Texas,Wise,48497,78097,11.9,34.1,15.2,14.8,,POINT (-97.6545497326334 33.2159029941521)
GA,Georgia,Bartow,13015,115041,12.0,38.7,13.3,15.2,14.9,POINT (-84.8400427897229 34.2373237847409)
MO,Missouri,Henry,29083,22485,14.4,38.5,9.8,19.7,15.2,POINT (-93.7928628582207 38.385278007328)
OK,Oklahoma,Beckham,40009,22042,13.3,40.0,14.8,20.0,22.2,POINT (-99.681743990172 35.268702176444)
AK,Alaska,Petersburg,2195,3427,10.5,30.8,9.8,14.9,12.0,POINT (-132.936273558469 57.1215033506989)
MN,Minnesota,Koochiching,27071,11751,13.4,37.0,7.3,15.9,11.1,POINT (-93.783662638645 48.244775114695)
AR,Arkansas,Drew,5043,16945,15.2,43.8,12.0,17.4,23.5,POINT (-91.7196579038053 33.5894113647675)
IL,Illinois,Massac,17127,13661,14.1,40.8,8.4,16.6,15.9,POINT (-88.7076683124229 37.2190136066965)
ND,North Dakota,Dickey,38021,4900,11.2,38.7,7.4,13.8,10.6,POINT (-98.5049110912084 46.1102015629809)
OR,Oregon,Wasco,41065,26333,13.3,37.9,11.4,14.5,,POINT (-121.167438459262 45.1599279639326)
GA,Georgia,Catoosa,13047,68910,12.5,34.1,11.1,14.7,12.4,POINT (-85.1386810142994 34.9040327945415)
MN,Minnesota,Isanti,27059,43182,10.5,32.8,8.0,16.2,11.7,POINT (-93.2952145236754 45.5616067871338)
KS,Kansas,Wabaunsee,20197,7057,11.5,35.1,7.9,14.2,10.2,POINT (-96.2047841037931 38.9532749954216)
UT,Utah,Summit,49043,42759,8.7,19.8,7.3,6.6,7.6,POINT (-110.955906614026 40.8681452953151)
TX,Texas,Hudspeth,48229,3451,14.3,41.0,38.6,18.7,,POINT (-105.387187001095 31.4564352021249)
MS,Mississippi,Jasper,28061,16013,19.0,44.9,12.4,18.7,26.4,POINT (-89.1188599199219 32.0191166804926)
AR,Arkansas,Boone,5009,38530,13.1,40.7,9.5,16.4,15.0,POINT (-93.0916817879006 36.3086436758994)
OH,Ohio,Morrow,39117,35595,13.8,40.0,8.0,17.8,12.7,POINT (-82.7939556363472 40.5240934358179)
TX,Texas,Travis,48453,1334961,9.0,30.4,13.9,9.5,,POINT (-97.7818425836313 30.3346898284573)
CA,California,Yolo,6113,220544,9.3,25.7,8.9,9.8,16.3,POINT (-121.901158583093 38.6865918071174)
MS,Mississippi,Amite,28005,12442,20.6,45.0,12.6,20.4,25.5,POINT (-90.8045215928558 31.1742872886651)
NC,North Carolina,Jones,37103,9401,17.0,40.0,11.8,18.1,20.9,POINT (-77.3548950478113 35.0214417782855)
GA,Georgia,Crisp,13081,19631,19.4,44.6,15.8,19.9,27.7,POINT (-83.7673947681673 31.9229853637213)
MD,Maryland,Cecil,24015,105672,13.2,41.3,8.0,15.3,13.3,POINT (-75.9413980896904 39.5708313825973)
UT,Utah,Washington,49053,202452,10.7,33.1,10.0,8.0,11.2,POINT (-113.504526345629 37.2804820270265)
WA,Washington,Garfield,53023,2363,11.5,31.0,7.1,11.4,,POINT (-117.544668771271 46.4315035506264)
AL,Alabama,Baldwin,1003,253507,13.4,35.2,8.3,13.0,13.2,POINT (-87.7226204578951 30.7277455824565)
MT,Montana,Beaverhead,30001,9885,10.5,28.3,9.5,13.1,11.5,POINT (-112.899254905042 45.1328681211262)
NE,Nebraska,Harlan,31083,3045,13.0,35.4,8.2,14.0,10.5,POINT (-99.4043547661144 40.1765673463379)
MI,Michigan,Benzie,26019,18441,12.8,35.4,5.6,13.5,10.6,POINT (-86.0152876094187 44.6386451482556)
CO,Colorado,Elbert,8039,28806,8.9,24.8,7.9,11.2,,POINT (-104.135022756085 39.2860481189017)
IA,Iowa,Lucas,19117,8747,13.9,39.8,8.1,18.4,13.8,POINT (-93.3278006376647 41.0294821577346)
SD,South Dakota,Hand,46059,3107,11.9,33.9,7.1,13.0,,POINT (-99.0053839302062 44.547988375708)
CO,Colorado,Park,8093,18117,10.2,23.5,7.3,11.3,,POINT (-105.717323283776 39.1194787496367)
OK,Oklahoma,Dewey,40043,4286,13.5,38.2,10.1,17.5,16.6,POINT (-99.0080105233422 35.9876568754253)
MO,Missouri,Gasconade,29073,14705,13.5,39.3,8.4,17.6,12.3,POINT (-91.5079456512753 38.4408280646855)
GA,Georgia,Rabun,13241,17442,15.5,34.2,12.2,14.6,13.0,POINT (-83.4023484816598 34.8818107236529)
GA,Georgia,Towns,13281,13035,15.9,31.9,9.8,12.8,10.8,POINT (-83.7375903262545 34.9167069469876)
CT,Connecticut,Naugatuck Valley,9140,456128,10.6,32.5,10.3,11.8,15.2,POINT (-73.0862770215679 41.5231047501915)
AK,Alaska,Denali,2068,1584,8.6,31.3,9.3,16.3,12.1,POINT (-150.011615254067 63.6714884543977)
TX,Texas,Reeves,48389,11770,17.6,40.7,37.3,15.6,,POINT (-103.693263385087 31.3228970146081)
OK,Oklahoma,Wagoner,40145,89280,11.9,36.1,9.4,15.5,14.8,POINT (-95.5211844530667 35.9615432025713)
NE,Nebraska,Hamilton,31081,9537,10.5,40.7,7.5,12.5,9.5,POINT (-98.0227978238455 40.873183194415)
CA,California,Madera,6039,162858,13.5,36.5,17.9,14.8,28.0,POINT (-119.762622561071 37.2181735184536)
TX,Texas,DeWitt,48123,19929,16.0,37.6,21.2,16.0,,POINT (-97.3567685981897 29.0819581511294)
WA,Washington,Skagit,53057,131417,10.8,33.0,9.9,11.4,,POINT (-121.732333093831 48.4795962795731)
FL,Florida,Seminole,12117,484271,11.0,29.5,13.0,10.8,,POINT (-81.235632248437 28.7167421000311)
VA,Virginia,Northumberland,51133,12391,16.8,36.0,7.6,12.0,11.3,POINT (-76.4193330048764 37.8873987938371)
NC,North Carolina,Stanly,37167,65699,12.7,36.3,10.8,16.0,15.4,POINT (-80.2512803776288 35.311751830322)
MO,Missouri,Pettis,29159,43530,12.6,36.1,10.6,17.9,14.9,POINT (-93.2850253828126 38.7282065747659)
TX,Texas,Washington,48477,37007,13.2,35.7,13.2,12.1,,POINT (-96.4034875149124 30.2141437176901)
NY,New York,Onondaga,36067,467873,10.9,36.9,5.8,11.9,13.5,POINT (-76.1947506009747 43.0059012578658)
WA,Washington,Adams,53001,20820,13.3,37.6,24.0,14.0,,POINT (-118.560587784171 46.9835433918881)
CO,Colorado,Weld,8123,359442,9.5,33.8,13.7,12.7,,POINT (-104.392236685569 40.5549894640911)
MT,Montana,Treasure,30103,772,12.5,33.2,9.0,13.1,10.4,POINT (-107.271841890792 46.211418173005)
MT,Montana,Carbon,30009,11419,11.8,33.0,8.5,13.4,9.9,POINT (-109.028002533522 45.2274661007223)
VA,Virginia,Covington,51580,5545,16.6,40.7,11.0,19.9,19.7,POINT (-79.9861030270356 37.7794589567051)
ND,North Dakota,Griggs,38039,2248,12.3,36.8,6.5,12.3,8.8,POINT (-98.2369556326837 47.457100186765)
WI,Wisconsin,Portage,55097,71024,9.6,35.1,7.2,12.8,11.2,POINT (-89.5014634259803 44.476069468424)
WV,West Virginia,Jefferson,54037,59787,13.4,38.3,7.7,15.1,12.5,POINT (-77.8631657527537 39.3075892215768)
MD,Maryland,Harford,24025,264644,11.6,35.8,6.8,10.9,10.9,POINT (-76.3169029187153 39.5614247093358)
CA,California,Siskiyou,6093,42905,13.9,31.8,7.6,14.4,15.2,POINT (-122.5405492735 41.5927246019871)
GA,Georgia,Gordon,13129,59757,13.9,35.3,16.6,17.3,18.4,POINT (-84.8757277575537 34.5028483807491)
AL,Alabama,Butler,1013,18382,18.9,40.4,11.3,18.3,26.7,POINT (-86.6804536012984 31.7525985102121)
KS,Kansas,Geary,20061,35047,9.3,34.5,13.1,16.4,19.5,POINT (-96.7526296992155 39.002145809178)
CO,Colorado,Archuleta,8007,14189,11.7,27.6,9.6,12.0,,POINT (-107.048213625503 37.1936639220311)
AL,Alabama,Talladega,1121,81132,17.2,45.6,10.9,17.7,22.5,POINT (-86.1654714346314 33.3800641404691)
AR,Arkansas,Bradley,5011,10104,17.6,42.5,15.2,18.9,26.3,POINT (-92.1624834155635 33.466623700772)
GA,Georgia,Screven,13251,14174,17.8,40.0,14.3,18.2,23.0,POINT (-81.6117427953092 32.7511007138643)
KS,Kansas,Lincoln,20105,2920,14.2,40.2,8.5,16.2,12.3,POINT (-98.2074536135006 39.0454762196391)
GA,Georgia,Effingham,13103,71541,11.3,37.9,11.5,14.1,13.5,POINT (-81.3413734323975 32.3671225914682)
VA,Virginia,Warren,51187,41843,12.7,38.0,9.5,15.0,12.9,POINT (-78.2086062031313 38.9086715573025)
OK,Oklahoma,Tulsa,40143,682868,11.7,35.7,11.6,14.7,18.0,POINT (-95.9414861647567 36.1210679646417)
IL,Illinois,St. Clair,17163,251018,13.1,38.8,7.8,14.2,16.6,POINT (-89.9283596665861 38.4702567969275)
TN,Tennessee,Jackson,47087,12363,17.0,39.4,13.5,23.2,,POINT (-85.6722114209333 36.3599462090631)
CO,Colorado,Grand,8049,15935,9.1,24.3,8.6,11.8,,POINT (-106.118442353658 40.1030816737949)
GA,Georgia,Troup,13285,70742,15.0,36.0,13.8,16.9,21.7,POINT (-85.0285316057562 33.0331700412163)
NE,Nebraska,Garfield,31071,1763,12.3,38.8,7.2,12.4,9.2,POINT (-98.9911182720622 41.9142895478018)
TX,Texas,Coryell,48099,84878,10.3,37.3,16.0,14.1,,POINT (-97.7992789568498 31.3909056903364)
TX,Texas,Jeff Davis,48243,1856,21.2,37.9,17.5,14.4,,POINT (-104.139649223358 30.7150345029534)
MS,Mississippi,Lafayette,28071,58467,10.9,34.4,9.2,12.9,16.3,POINT (-89.4848628672486 34.3568139846947)
IL,Illinois,Menard,17129,11954,11.7,37.9,6.7,14.1,11.6,POINT (-89.8015814259198 40.027433354681)
GA,Georgia,Wilkinson,13319,8725,17.7,41.0,13.9,18.0,22.5,POINT (-83.1707316291648 32.8022701825695)
IA,Iowa,Allamakee,19005,14074,13.1,42.3,8.2,16.2,12.3,POINT (-91.3777429842755 43.2841355075637)
KS,Kansas,Greeley,20071,1181,11.7,36.8,10.0,13.4,11.1,POINT (-101.806029395666 38.4807817939021)
AK,Alaska,Matanuska-Susitna,2170,115239,9.0,37.5,9.7,17.3,13.0,POINT (-149.573459107234 62.3154231338699)
MI,Michigan,St. Clair,26147,159874,12.2,36.5,6.7,16.3,13.8,POINT (-82.6804977947451 42.9331233289215)
CA,California,Kern,6029,913820,13.3,36.0,16.7,14.6,26.8,POINT (-118.730029086317 35.3428262386385)
MD,Maryland,Caroline,24011,33593,14.2,41.7,10.6,17.4,19.2,POINT (-75.8321719815862 38.8720440517484)
SD,South Dakota,Aurora,46003,2782,12.2,36.4,9.9,15.4,,POINT (-98.5616949219141 43.7180161968195)
OK,Oklahoma,Hughes,40063,13436,15.1,41.9,13.3,21.8,24.2,POINT (-96.2502172739185 35.0483785704496)
LA,Louisiana,Pointe Coupee,22077,20000,17.1,39.9,9.2,18.5,23.1,POINT (-91.6005179815157 30.7090685105179)
IN,Indiana,Pike,18125,12106,14.5,37.9,8.3,18.6,14.0,POINT (-87.2321871082488 38.3988569399369)
OH,Ohio,Seneca,39147,54527,13.2,35.8,8.2,16.4,12.8,POINT (-83.1275866518734 41.1237051920597)
IA,Iowa,Clarke,19039,9588,14.2,43.1,11.3,18.8,17.6,POINT (-93.7852072342098 41.0289111078125)
MN,Minnesota,Fillmore,27045,21522,11.8,40.5,7.6,15.5,10.9,POINT (-92.0901273850629 43.6739689770722)
FL,Florida,Sumter,12119,151565,16.0,29.5,10.4,9.9,,POINT (-82.0804161289261 28.7043606050113)
OH,Ohio,Ashland,39005,52190,13.9,38.3,8.2,17.7,13.7,POINT (-82.2704647361258 40.8460354747863)
MS,Mississippi,Tallahatchie,28135,11837,18.9,44.9,15.8,20.7,31.8,POINT (-90.1730157810922 33.950813162093)
NC,North Carolina,Columbus,37047,50121,15.6,41.1,12.3,18.3,21.5,POINT (-78.6551028425544 34.2655540076522)
NE,Nebraska,Kimball,31105,3289,15.2,42.1,11.6,17.0,15.1,POINT (-103.715000568722 41.1979208610612)
OH,Ohio,Madison,39097,44602,12.4,37.3,8.4,16.5,12.9,POINT (-83.4006589159011 39.894160047348)
NJ,New Jersey,Gloucester,34015,308423,10.3,31.5,8.4,11.9,11.7,POINT (-75.1406938541165 39.7171717201275)
TX,Texas,Starr,48427,65934,20.0,45.0,43.5,16.9,,POINT (-98.7382150287698 26.5621954230655)
CA,California,Sacramento,6067,1584288,11.2,29.6,8.7,11.8,16.3,POINT (-121.34451940892 38.4486270273732)
FL,Florida,Nassau,12089,101501,11.6,33.7,9.9,12.4,,POINT (-81.8018979742329 30.6105051917262)
MI,Michigan,Tuscola,26157,52826,13.2,41.7,7.4,17.3,14.9,POINT (-83.4168308866448 43.4640720936156)
GA,Georgia,Walker,13295,69489,13.5,38.0,12.7,16.7,15.1,POINT (-85.3005481871168 34.7354440057188)
OR,Oregon,Malheur,41045,32044,13.9,41.2,15.7,15.9,,POINT (-117.623057858798 43.1934396293566)
WI,Wisconsin,Burnett,55013,17092,15.5,39.0,7.6,16.1,11.9,POINT (-92.367667213567 45.8627693664506)
TX,Texas,Hutchinson,48233,20033,12.9,35.1,16.7,14.8,,POINT (-101.354683598946 35.8400645050996)
AZ,Arizona,Greenlee,4011,9369,10.6,33.1,16.1,11.6,16.3,POINT (-109.240185682696 33.215200364114)
OH,Ohio,Huron,39077,58199,13.5,35.0,9.0,17.2,13.6,POINT (-82.5978887799573 41.1464249274686)
NE,Nebraska,Sheridan,31161,4928,13.9,36.0,9.8,15.0,13.4,POINT (-102.408984015817 42.5045429279252)
TN,Tennessee,Overton,47133,23327,15.7,40.9,13.4,22.7,,POINT (-85.2874033540573 36.3445886252002)
TX,Texas,Hamilton,48193,8619,14.6,36.1,14.6,15.3,,POINT (-98.1108284380851 31.7047074126734)
UT,Utah,Kane,49025,8425,11.8,33.3,8.4,9.3,10.8,POINT (-111.888566184301 37.2846913760776)
TX,Texas,Kinney,48271,3148,15.8,36.8,25.4,12.2,,POINT (-100.417890745347 29.3502838313614)
NH,New Hampshire,Cheshire,33005,77703,9.5,29.9,7.0,11.9,9.9,POINT (-72.2512079776632 42.9195243861635)
VA,Virginia,Spotsylvania,51177,149588,12.6,40.3,9.4,12.8,13.0,POINT (-77.6557235887832 38.1847024527144)
IN,Indiana,Decatur,18031,26399,12.4,37.6,7.9,16.4,12.5,POINT (-85.5010738114489 39.3070538681262)
NY,New York,Otsego,36077,60126,10.2,29.9,5.9,12.1,12.8,POINT (-75.0326156864047 42.6340169706369)
SD,South Dakota,Deuel,46039,4354,11.9,33.3,8.2,14.8,,POINT (-96.6680283812861 44.7601611938662)
OH,Ohio,Crawford,39033,41529,14.6,39.5,8.7,18.3,14.6,POINT (-82.9197685705352 40.8507264130061)
TX,Texas,Wood,48499,47921,14.6,34.3,13.6,14.8,,POINT (-95.3822087220849 32.7867167347459)
ND,North Dakota,Cass,38017,196362,7.9,33.8,6.3,11.2,9.4,POINT (-97.2481968440854 46.9329709559949)
MT,Montana,Pondera,30073,6125,13.6,37.2,11.7,19.1,18.2,POINT (-112.22672285102 48.2279658725192)
NE,Nebraska,Rock,31149,1271,12.5,38.8,8.0,13.4,10.1,POINT (-99.449849362226 42.4214023473833)
IA,Iowa,Boone,19015,26590,11.2,43.4,6.2,14.3,9.8,POINT (-93.9315830366559 42.03649567412)
WV,West Virginia,Summers,54089,11581,19.4,39.8,10.0,22.6,20.1,POINT (-80.8583805903992 37.6558327507211)
LA,Louisiana,St. Landry,22097,81464,18.2,40.4,10.7,22.0,30.1,POINT (-92.0055958226491 30.598959185827)
MI,Michigan,Keweenaw,26083,2172,13.4,33.7,4.7,11.5,8.8,POINT (-88.4359343938762 47.6266255714514)
TN,Tennessee,Chester,47023,17606,13.9,39.0,12.1,19.4,,POINT (-88.6133824508421 35.4217015292036)
TX,Texas,Live Oak,48297,11584,16.2,39.7,25.3,16.8,,POINT (-98.1248739225025 28.3514151858659)
TX,Texas,Donley,48129,3214,14.0,34.2,14.6,14.3,,POINT (-100.814009320183 34.9651749903326)
FL,Florida,DeSoto,12027,35979,17.6,41.0,26.1,19.6,,POINT (-81.8094702612548 27.1863305947548)
TX,Texas,Palo Pinto,48363,29747,14.4,39.4,16.7,16.3,,POINT (-98.313009663541 32.7532102254697)
SD,South Dakota,Meade,46093,30954,9.5,30.4,8.4,14.1,,POINT (-102.716664640056 44.566765660076)
MN,Minnesota,Sibley,27143,15084,11.5,38.8,9.0,15.7,12.5,POINT (-94.2311440313059 44.5794639528544)
NC,North Carolina,Bladen,37017,29484,16.6,41.3,12.0,16.8,20.8,POINT (-78.5631528118713 34.6142975484762)
NE,Nebraska,Perkins,31135,2795,11.9,40.6,8.9,13.8,10.9,POINT (-101.650140073647 40.8506321595162)
KS,Kansas,Dickinson,20041,18445,11.9,39.5,8.6,15.0,11.3,POINT (-97.1528563755695 38.8662720239337)
KS,Kansas,Ness,20135,2618,13.2,35.2,10.4,15.1,12.2,POINT (-99.9154733266333 38.4797415683881)
MA,Massachusetts,Essex,25009,810089,10.3,30.0,6.2,11.4,13.3,POINT (-70.9515214537115 42.6718608300579)
KS,Kansas,Barton,20009,24899,13.4,38.8,11.7,16.3,15.3,POINT (-98.7563274715367 38.478924410301)
IN,Indiana,Madison,18095,132504,14.0,36.4,9.0,18.5,15.8,POINT (-85.7193168581081 40.1617332769841)
TX,Texas,Floyd,48153,5090,17.0,39.1,27.6,15.2,,POINT (-101.303178278606 34.0723791085183)
SD,South Dakota,Yankton,46135,23517,11.8,38.3,8.8,13.8,,POINT (-97.3949292202413 43.0089434401039)
TX,Texas,Shelby,48419,24179,16.4,41.1,18.9,18.5,,POINT (-94.1455239058932 31.792224856062)
TX,Texas,Erath,48143,44195,10.8,33.4,14.7,12.9,,POINT (-98.2178480863038 32.2362428952584)
IA,Iowa,Franklin,19069,9875,14.1,40.7,10.0,17.0,14.5,POINT (-93.2625161834423 42.7325751156083)
MN,Minnesota,Houston,27055,18582,11.3,34.1,6.8,13.8,9.5,POINT (-91.492859784076 43.6714442501057)
TX,Texas,Chambers,48071,53876,10.8,35.0,15.9,13.4,,POINT (-94.6090395535865 29.7383140055434)
UT,Utah,Wayne,49055,2614,13.1,34.3,9.0,10.7,12.9,POINT (-110.903829194024 38.3244257886812)
IN,Indiana,Tipton,18159,15256,13.5,36.5,7.4,15.7,11.7,POINT (-86.0518728213484 40.311346847119)
KS,Kansas,Montgomery,20125,30568,13.8,38.9,10.5,17.9,16.0,POINT (-95.7429614607278 37.1924773621516)
TX,Texas,Borden,48033,572,13.2,33.2,11.4,12.4,,POINT (-101.43165088656 32.743639840193)
MO,Missouri,Dunklin,29069,27032,16.0,46.2,12.9,22.8,22.0,POINT (-90.0908868088021 36.2723015062895)
MN,Minnesota,Le Sueur,27079,29255,10.9,35.3,7.7,14.3,10.4,POINT (-93.7300444403047 44.371386343025)
MO,Missouri,St. Louis,29189,987059,11.5,31.3,7.0,13.2,11.9,POINT (-90.4425635134078 38.6407242112709)
MI,Michigan,Eaton,26045,108820,11.4,38.9,6.3,13.3,12.2,POINT (-84.838206346424 42.5960358634351)
CO,Colorado,San Miguel,8113,7868,8.7,26.3,7.3,9.8,,POINT (-108.405860202785 38.0040513912484)
CO,Colorado,Delta,8029,31746,12.4,26.7,11.9,14.5,,POINT (-107.862948303439 38.8614572647921)
LA,Louisiana,Caddo,22017,226386,17.2,42.2,8.9,18.2,27.5,POINT (-93.8827723839354 32.5804242505209)
IA,Iowa,Osceola,19143,5978,14.0,39.5,9.6,17.1,14.5,POINT (-95.6239316219737 43.3786794224727)
FL,Florida,Hillsborough,12057,1535564,12.5,31.6,16.1,12.1,,POINT (-82.3085859249529 27.9292994635599)
WA,Washington,Jefferson,53031,33714,13.1,28.7,5.8,9.5,,POINT (-123.594047250427 47.7491000957336)
MO,Missouri,Putnam,29171,4638,13.6,35.0,8.6,17.1,12.6,POINT (-93.0162042293285 40.4790172419339)
LA,Louisiana,Webster,22119,35238,19.5,44.6,10.1,22.8,29.8,POINT (-93.3348162883491 32.713154448362)
AL,Alabama,Fayette,1057,15967,16.6,40.6,11.0,18.7,20.0,POINT (-87.7389050506601 33.7211713531213)
NE,Nebraska,Custer,31041,10581,12.2,40.0,8.3,14.1,10.8,POINT (-99.7259261660221 41.3939884286775)
OK,Oklahoma,Adair,40001,19627,17.5,46.2,13.5,25.8,30.4,POINT (-94.6587457084976 35.8840104462357)
AL,Alabama,Lauderdale,1077,96814,12.9,35.6,9.0,14.2,15.1,POINT (-87.6540983850983 34.9014438477101)
MD,Maryland,Worcester,24047,54171,13.7,33.1,7.1,12.3,11.2,POINT (-75.3337982988111 38.2127499337864)
IL,Illinois,Alexander,17003,4695,19.0,45.3,10.1,19.6,24.4,POINT (-89.3376234497311 37.1915433515268)
OK,Oklahoma,Coal,40029,5266,17.2,42.6,12.6,23.1,25.3,POINT (-96.2977819773312 34.5882312743251)
AR,Arkansas,Montgomery,5097,8620,16.4,40.9,10.9,17.8,17.3,POINT (-93.6594929570876 34.5391664075576)
WV,West Virginia,Mingo,54059,22023,20.4,43.5,11.7,27.6,25.1,POINT (-82.1354107949466 37.7274399594806)
MO,Missouri,Carter,29035,5303,15.7,40.0,10.9,22.6,18.7,POINT (-90.9621852703375 36.9411874815224)
NV,Nevada,Douglas,32005,49545,12.2,27.1,8.6,12.0,10.1,POINT (-119.616132682878 38.9122785452806)
IA,Iowa,Dickinson,19059,18056,12.1,37.2,5.6,13.1,8.7,POINT (-95.1509796782216 43.377909595667)
ID,Idaho,Bonner,16017,52547,11.8,32.2,8.8,12.9,11.0,POINT (-116.601256003773 48.3001156935128)
NE,Nebraska,Burt,31021,6727,13.1,40.3,8.7,15.2,12.0,POINT (-96.3286175178258 41.8515454666432)
GA,Georgia,Baker,13007,2743,22.9,43.3,16.4,20.0,28.3,POINT (-84.4436447326603 31.3268164349258)
MO,Missouri,Atchison,29005,5107,14.9,41.6,8.9,18.0,13.5,POINT (-95.4282082572198 40.4308409330019)
CO,Colorado,Rio Blanco,8103,6569,9.6,26.7,9.9,13.1,,POINT (-108.217357090795 39.979223167364)
AK,Alaska,Bethel,2050,18224,13.8,39.1,15.9,31.0,37.6,POINT (-159.82324096097 60.9128860869079)
GA,Georgia,Columbia,13073,165162,11.9,33.1,10.1,11.9,12.2,POINT (-82.2642138010573 33.5442564470998)
WI,Wisconsin,Grant,55043,51409,11.5,40.9,8.2,15.0,12.7,POINT (-90.7062231148826 42.8676445934436)
CA,California,Colusa,6011,22037,13.4,35.0,17.6,13.4,24.2,POINT (-122.238126872813 39.1776793679318)
GA,Georgia,Calhoun,13037,5457,18.5,43.6,18.6,20.8,30.5,POINT (-84.6226064650118 31.5290236179393)
IL,Illinois,White,17193,13401,14.5,39.2,8.9,18.1,16.7,POINT (-88.1804872408152 38.0871887627669)
IL,Illinois,Hancock,17067,17186,13.2,38.8,7.3,14.7,12.5,POINT (-91.1647865817632 40.4036625382212)
VA,Virginia,Martinsville,51690,13763,18.6,44.9,12.2,19.1,26.6,POINT (-79.8636674671409 36.6819091070355)
TX,Texas,Frio,48163,17987,15.3,40.5,37.0,15.0,,POINT (-99.1082691100666 28.8676630921064)
GA,Georgia,Dade,13083,16165,12.6,35.1,11.5,15.2,12.8,POINT (-85.504188975033 34.8546132098114)
WY,Wyoming,Park,56029,30735,11.7,31.5,10.0,12.5,,POINT (-109.588592877427 44.5205500093565)
NM,New Mexico,Sierra,35051,11488,18.2,36.8,14.7,15.8,19.6,POINT (-107.192368105928 33.1306734754366)
CO,Colorado,Jefferson,8059,576366,8.3,23.1,8.4,9.9,,POINT (-105.250333390212 39.5866816614094)
WA,Washington,Stevens,53065,48837,12.6,34.3,8.0,14.0,,POINT (-117.855286410546 48.3988656943295)
IN,Indiana,Wells,18179,28555,12.7,41.9,8.0,16.4,12.4,POINT (-85.2212459735228 40.7291871132406)
AL,Alabama,Cullman,1043,92016,13.4,36.4,10.1,16.6,15.7,POINT (-86.8674617693469 34.1321232297422)
MT,Montana,Granite,30039,3595,12.3,30.4,9.7,14.3,11.4,POINT (-113.440260921517 46.4040577446116)
OK,Oklahoma,Craig,40035,14494,15.9,41.8,12.0,22.2,23.7,POINT (-95.2084350557607 36.7615458238067)
MN,Minnesota,Olmsted,27109,164784,9.5,36.4,6.7,11.2,9.7,POINT (-92.4018922941946 44.00382802527)
AR,Arkansas,Garland,5051,99784,14.8,39.1,10.3,15.5,16.3,POINT (-93.1504977724069 34.5766230811054)
ND,North Dakota,Sargent,38081,3776,11.8,41.2,7.5,13.8,9.9,POINT (-97.630569585494 46.1078672572219)
AR,Arkansas,Phillips,5107,14961,21.7,48.4,13.5,21.0,33.9,POINT (-90.8486929377124 34.4276555514265)
IA,Iowa,Dallas,19049,111092,8.8,32.8,5.5,10.9,8.3,POINT (-94.0396540325165 41.6848036594408)
OH,Ohio,Wyandot,39175,21457,13.0,35.6,7.4,15.5,11.1,POINT (-83.3043356711719 40.842380644598)
VA,Virginia,Powhatan,51145,32105,12.1,36.4,7.1,12.8,9.5,POINT (-77.9156484186673 37.5503914619594)
SD,South Dakota,Oglala Lakota,46102,13434,21.1,47.0,19.1,39.8,,POINT (-102.551638833134 43.335553320742)
IN,Indiana,Harrison,18061,40006,12.8,42.7,7.4,16.2,11.7,POINT (-86.1116122931218 38.1954032875338)
TX,Texas,Aransas,48007,25374,15.9,36.0,16.0,14.1,,POINT (-96.9937772811132 28.1203533617689)
SD,South Dakota,Hutchinson,46067,7394,12.1,34.4,8.0,14.6,,POINT (-97.7546267833864 43.3348249829925)
AL,Alabama,Henry,1067,17899,16.7,41.3,10.3,16.6,19.8,POINT (-85.2412788046304 31.5148475570572)
WA,Washington,Clallam,53009,77616,12.1,31.0,7.5,11.8,,POINT (-123.927567541856 48.0491734486978)
MI,Michigan,Arenac,26011,15145,14.7,38.6,7.3,17.8,15.0,POINT (-83.8959473867749 44.065573391666)
ND,North Dakota,Logan,38047,1869,13.2,39.8,8.1,14.9,11.7,POINT (-99.4770599172586 46.4572748811242)
NY,New York,Tioga,36107,47715,11.3,30.5,5.8,13.9,12.7,POINT (-76.3059589040649 42.1703300051601)
MO,Missouri,Osage,29151,13468,11.2,35.6,7.6,16.0,10.8,POINT (-91.8616032929865 38.4600506601241)
AK,Alaska,Skagway,2230,1095,9.1,36.2,9.7,15.4,11.5,POINT (-135.336028290736 59.5592737178809)
MS,Mississippi,Greene,28041,13601,14.0,41.9,13.4,19.2,21.7,POINT (-88.6391156433916 31.2143498936852)
KS,Kansas,Ellsworth,20053,6357,11.7,39.1,9.5,14.7,11.2,POINT (-98.2046890800915 38.6968067575173)
GA,Georgia,Jasper,13159,16455,14.6,37.1,13.2,17.3,17.7,POINT (-83.6873661795934 33.3162972573575)
TN,Tennessee,Coffee,47031,60633,13.9,39.5,12.6,19.9,,POINT (-86.0758164939626 35.4904113373197)
TN,Tennessee,Hardeman,47069,25567,17.2,43.7,14.8,22.2,,POINT (-88.9932105670901 35.2067003430217)
NC,North Carolina,Hoke,37093,54446,13.3,38.5,13.0,16.5,22.6,POINT (-79.2373149494308 35.0172991021942)
CA,California,Santa Clara,6085,1877592,10.5,21.9,6.8,8.1,11.6,POINT (-121.695251446392 37.2316875247769)
TN,Tennessee,Bledsoe,47007,15060,17.3,41.9,15.6,25.6,,POINT (-85.2048458070841 35.5967339198505)
IA,Iowa,Linn,19113,228972,11.2,35.4,6.4,13.5,11.5,POINT (-91.5991322352261 42.0789014925625)
TX,Texas,Victoria,48469,91664,14.5,37.2,22.5,13.9,,POINT (-96.971246868266 28.7963664329227)
ID,Idaho,Canyon,16027,257674,11.2,35.3,13.6,12.4,14.7,POINT (-116.708957811914 43.6247624853459)
GA,Georgia,Macon,13193,11817,21.1,43.8,20.2,22.7,35.1,POINT (-84.0428596914371 32.357909985862)
VA,Virginia,Loudoun,51107,436347,9.5,28.1,6.8,8.4,8.5,POINT (-77.6358104338327 39.0906767141949)
CO,Colorado,Broomfield,8014,76860,7.1,22.3,7.8,8.7,,POINT (-105.052398567169 39.9553900779039)
NY,New York,Chemung,36015,81325,11.5,30.7,6.4,14.9,14.9,POINT (-76.7597380991482 42.1409310401637)
MT,Montana,Blaine,30005,6899,14.3,41.1,11.9,20.8,22.6,POINT (-108.959098790374 48.4322379510677)
CA,California,Glenn,6021,28129,12.6,32.1,13.7,13.9,20.8,POINT (-122.392432829407 39.5983868407646)
FL,Florida,Manatee,12081,441095,14.0,32.1,13.4,12.4,,POINT (-82.3157420786182 27.471886228068)
MN,Minnesota,Mower,27099,40058,11.8,37.9,10.6,15.8,14.9,POINT (-92.7524342032099 43.6714131000436)
TX,Texas,Haskell,48207,5385,14.9,36.6,20.2,16.3,,POINT (-99.7303772258347 33.1782688414927)
TN,Tennessee,Lake,47095,6347,19.0,47.2,20.3,29.4,,POINT (-89.4934505803668 36.3349506764167)
AL,Alabama,Wilcox,1131,9944,23.8,51.2,14.4,21.6,37.8,POINT (-87.3083095693845 31.9892939338512)
TX,Texas,Liberty,48291,108272,13.9,40.1,23.8,17.8,,POINT (-94.812237365989 30.1515050413894)
NC,North Carolina,Davidson,37057,174804,12.7,36.2,11.1,15.8,15.6,POINT (-80.2126241733172 35.79334763177)
IL,Illinois,Fulton,17057,32541,13.0,39.9,8.8,16.8,15.4,POINT (-90.2073453702458 40.4727288552896)
NC,North Carolina,Richmond,37153,42324,16.4,42.9,13.4,19.5,24.8,POINT (-79.7480501194479 35.0059731618643)
WI,Wisconsin,Oconto,55083,39775,12.9,42.7,7.4,15.7,11.6,POINT (-88.2696027619254 45.0262847415341)
TX,Texas,Coke,48081,3352,15.9,36.3,16.8,15.3,,POINT (-100.529830902237 31.8888150971988)
IA,Iowa,Van Buren,19177,7266,13.9,39.5,8.0,18.5,13.9,POINT (-91.9503055023498 40.7532395200175)
IA,Iowa,Mahaska,19123,21874,11.7,38.6,7.1,16.3,12.2,POINT (-92.640891276702 41.3351862830208)
TX,Texas,Lamar,48277,51127,14.3,38.5,14.2,16.7,,POINT (-95.5711286178651 33.6669168991242)
MO,Missouri,Morgan,29141,21970,15.8,38.2,11.1,21.1,17.1,POINT (-92.8861853236506 38.4236275868342)
SC,South Carolina,Colleton,45029,38874,17.3,39.3,13.8,17.6,24.7,POINT (-80.6663807174442 32.8637476905498)
VA,Virginia,Appomattox,51011,16864,14.8,38.9,9.0,15.8,14.9,POINT (-78.8129296212551 37.3725859404648)
GA,Georgia,Dougherty,13095,82645,19.0,41.9,15.5,17.7,30.7,POINT (-84.2166430665433 31.5334783335968)
VT,Vermont,Windsor,50027,58101,9.5,28.8,5.7,11.1,,POINT (-72.5865074428199 43.5797484420206)
WY,Wyoming,Sublette,56035,8969,11.2,33.3,9.5,12.7,,POINT (-109.914842354088 42.7665867752479)
TX,Texas,Garza,48169,4517,14.9,39.9,30.9,16.9,,POINT (-101.298477753686 33.179828329814)
WI,Wisconsin,Eau Claire,55035,107903,9.4,30.0,7.1,12.6,10.5,POINT (-91.2860572491138 44.7267727831359)
AZ,Arizona,Apache,4001,65036,17.5,35.8,14.1,22.4,33.8,POINT (-109.48881915611 35.3954681672691)
FL,Florida,Charlotte,12015,206134,15.6,30.6,11.4,12.8,,POINT (-81.9116138222572 26.9058355549784)
LA,Louisiana,Winn,22127,13216,17.1,45.9,11.1,20.6,26.2,POINT (-92.6366332996752 31.944418814011)
VA,Virginia,Lee,51105,21745,17.3,42.3,12.0,21.2,19.5,POINT (-83.1279809673312 36.7054905517624)
NC,North Carolina,Mecklenburg,37119,1163701,10.1,29.7,10.1,10.8,14.6,POINT (-80.8328001765676 35.2467186870894)
NY,New York,Wayne,36117,90829,11.2,37.4,6.2,13.9,13.1,POINT (-77.0293073359024 43.1566397114149)
MI,Michigan,Oceana,26127,26981,13.7,40.6,9.3,16.7,16.4,POINT (-86.2674491587777 43.6410193269243)
IL,Illinois,Morgan,17137,32140,12.6,39.9,8.6,15.6,15.2,POINT (-90.2012120575902 39.7155885996371)
NE,Nebraska,Frontier,31063,2585,11.9,37.4,8.1,13.0,10.3,POINT (-100.393745032944 40.5299425294288)
MS,Mississippi,Pearl River,28109,57978,14.4,38.0,11.2,17.6,18.1,POINT (-89.5894912717861 30.7688524519245)
OH,Ohio,Fayette,39047,28817,14.3,41.3,9.4,19.9,16.2,POINT (-83.4560989933978 39.559992354904)
NM,New Mexico,Roosevelt,35041,18787,11.5,32.6,16.2,13.4,21.8,POINT (-103.48007550738 34.0212007813227)
MT,Montana,Lewis and Clark,30049,75011,9.3,31.0,8.1,12.0,9.5,POINT (-112.390254008373 47.1224620354911)
ID,Idaho,Lewis,16061,3739,15.1,35.2,10.5,15.5,15.8,POINT (-116.426368203162 46.2366501834788)
OK,Oklahoma,Sequoyah,40135,40291,16.6,47.1,12.2,22.8,24.7,POINT (-94.7555072375447 35.4956252721085)
GA,Georgia,Telfair,13271,10920,20.5,43.0,22.8,22.7,32.3,POINT (-82.9386895818028 31.9299273067199)
IA,Iowa,Hamilton,19079,14729,12.1,36.5,7.5,14.7,11.1,POINT (-93.7067801073882 42.3838402278869)
IA,Iowa,Wright,19197,12656,13.9,40.7,9.9,16.0,14.6,POINT (-93.7351726072187 42.7330220408153)
OK,Oklahoma,Major,40093,7581,13.3,41.9,11.0,16.9,15.3,POINT (-98.5356533809585 36.3117422798628)
LA,Louisiana,St. Charles,22089,50620,13.2,37.7,7.8,15.1,16.7,POINT (-90.3580588713738 29.9058081455848)
GA,Georgia,Hart,13147,27556,15.3,35.1,12.9,16.0,16.6,POINT (-82.9641396441627 34.35079675136)
NY,New York,Chautauqua,36013,124891,12.6,36.3,7.3,14.9,16.1,POINT (-79.3664126676391 42.2279077069084)
NJ,New Jersey,Middlesex,34023,863623,11.6,29.9,10.8,10.0,13.7,POINT (-74.410830751515 40.4395642172698)
OK,Oklahoma,Mayes,40097,39889,14.6,41.8,10.5,20.3,20.7,POINT (-95.2306650873753 36.3019893623476)
GA,Georgia,Murray,13213,41035,13.3,41.5,16.4,17.0,17.0,POINT (-84.7475512679945 34.7888618055535)
MD,Maryland,Prince George's,24033,947430,15.2,42.2,12.5,10.5,22.1,POINT (-76.8475085634277 38.8296511376687)
NE,Nebraska,Adams,31001,30899,11.8,41.2,9.8,13.6,12.4,POINT (-98.5011936003364 40.5244942129641)
SC,South Carolina,Charleston,45019,424367,11.4,30.0,9.5,10.5,12.5,POINT (-79.9524070272339 32.8342811198518)
OR,Oregon,Clatsop,41007,41102,12.6,34.8,8.2,13.2,,POINT (-123.655552356168 45.9948100714469)
IN,Indiana,Orange,18117,19638,14.7,39.7,8.9,19.1,15.2,POINT (-86.4951451585754 38.5416818190055)
WV,West Virginia,Pendleton,54071,6029,18.2,36.5,8.6,19.3,14.9,POINT (-79.3506710846556 38.6803979946058)
WI,Wisconsin,Barron,55005,46833,13.2,38.3,8.0,15.4,12.3,POINT (-91.848303667076 45.4237663276908)
SC,South Carolina,Kershaw,45055,69905,14.8,36.6,11.9,14.5,18.4,POINT (-80.5904475262785 34.3384690251)
IL,Illinois,Scott,17171,4710,12.3,38.4,7.3,15.1,12.7,POINT (-90.4741891291469 39.6439884364877)
MD,Maryland,Allegany,24001,67273,13.3,36.6,9.4,17.7,18.0,POINT (-78.6972087564265 39.6212409737137)
OR,Oregon,Benton,41003,97713,9.3,25.9,6.7,9.6,,POINT (-123.429453836484 44.4917515043312)
MS,Mississippi,Benton,28009,7438,17.4,42.4,12.7,19.4,23.5,POINT (-89.1885153331296 34.8172615293265)
TX,Texas,Briscoe,48045,1445,17.5,39.5,20.5,16.8,,POINT (-101.20854325148 34.530269838452)
SC,South Carolina,Jasper,45053,33544,17.0,35.0,14.8,14.0,21.1,POINT (-81.0315692344724 32.4360266226722)
OR,Oregon,Lake,41037,8293,14.7,37.7,10.0,15.6,,POINT (-120.387435251771 42.7935852422964)
RI,Rhode Island,Bristol,44001,50255,9.8,25.6,5.0,10.1,8.3,POINT (-71.2838312167734 41.7116722829228)
HI,Hawaii,Kauai,15007,73851,12.0,23.9,6.3,12.0,16.5,POINT (-159.595749637273 22.0397848673141)
LA,Louisiana,Claiborne,22027,13670,22.8,48.5,13.2,25.7,37.8,POINT (-92.9955991395091 32.8227827066937)
TN,Tennessee,Montgomery,47125,239872,10.8,38.4,11.7,15.6,,POINT (-87.3824869108928 36.4969867160053)
MI,Michigan,Mackinac,26097,10851,16.4,41.2,7.3,17.7,17.8,POINT (-85.0773421466224 46.0788072848998)
TX,Texas,Sutton,48435,3221,17.4,38.3,27.2,14.0,,POINT (-100.538201377694 30.4985662251929)
MT,Montana,Petroleum,30069,554,12.4,32.9,8.5,13.9,10.1,POINT (-108.250390746347 47.1176566634975)
MN,Minnesota,Todd,27153,25667,13.3,39.3,10.4,17.8,14.3,POINT (-94.8976639086331 46.0705781596942)
OH,Ohio,Preble,39135,40556,13.4,39.7,7.5,17.0,12.1,POINT (-84.647965894182 39.7415985069018)
MI,Michigan,Montcalm,26117,68154,12.4,42.5,8.3,18.3,16.7,POINT (-85.1525304678967 43.310886147991)
IN,Indiana,Clinton,18023,32730,13.4,40.2,11.6,17.5,16.1,POINT (-86.4752323334524 40.3017954369389)
GA,Georgia,Habersham,13137,48757,12.9,32.2,15.2,15.0,16.0,POINT (-83.530457749718 34.6306391700714)
WV,West Virginia,Raleigh,54081,72356,17.7,43.1,9.5,20.5,19.3,POINT (-81.2481375065092 37.771281087791)
NE,Nebraska,Thayer,31169,4829,13.2,40.0,8.5,15.0,12.0,POINT (-97.5950617652115 40.176220357264)
NC,North Carolina,Chatham,37037,81624,12.9,30.1,9.3,11.5,11.3,POINT (-79.2552206168112 35.7026752604208)
IA,Iowa,Johnson,19103,157528,8.8,30.4,6.3,10.9,10.9,POINT (-91.5877414061848 41.6715310242667)
FL,Florida,Bay,12005,190769,11.9,33.4,12.5,14.6,,POINT (-85.6200626409611 30.2651404769141)
MO,Missouri,Ray,29177,23182,13.3,39.6,9.1,18.7,13.5,POINT (-93.9899558528202 39.352257627708)
KS,Kansas,Saline,20169,53098,12.1,41.1,10.1,15.1,13.0,POINT (-97.6497286926184 38.7838683531129)
TX,Texas,Williamson,48491,697191,9.8,32.6,12.2,9.9,,POINT (-97.6002801376072 30.6477494421496)
TX,Texas,Kaufman,48257,185690,11.2,38.0,16.8,14.0,,POINT (-96.2878987392596 32.5994523477795)
CO,Colorado,Mineral,8079,944,10.5,25.7,6.9,10.5,,POINT (-106.924191432374 37.6695585907141)
CA,California,San Francisco,6075,808988,10.2,17.2,6.3,8.8,12.1,POINT (-122.439681175401 37.7566838021847)
MN,Minnesota,Yellow Medicine,27173,9467,12.4,38.8,8.5,16.0,12.6,POINT (-95.8684089442887 44.7162127267714)
MN,Minnesota,Marshall,27089,8810,12.1,39.0,8.2,15.3,11.4,POINT (-96.3693644206458 48.3582450126042)
OR,Oregon,Yamhill,41071,108644,11.2,37.0,9.4,11.8,,POINT (-123.307698971686 45.2327424414687)
MN,Minnesota,Kittson,27069,4060,12.5,34.0,7.0,14.3,10.2,POINT (-96.7825568052837 48.7768126133246)
NC,North Carolina,Henderson,37089,119230,12.5,30.3,9.9,12.7,11.4,POINT (-82.4800088797413 35.336054724191)
GA,Georgia,Taliaferro,13265,1609,21.7,41.7,15.8,18.1,25.6,POINT (-82.8790113876123 33.565904432115)
WI,Wisconsin,Sawyer,55113,18552,15.2,34.3,7.6,17.3,13.4,POINT (-91.1445791569221 45.8800079322517)
MO,Missouri,Vernon,29217,19710,14.3,37.8,10.1,20.5,16.6,POINT (-94.3421893986098 37.8506373208135)
IN,Indiana,LaGrange,18087,40907,12.4,39.6,12.0,19.6,16.6,POINT (-85.4265637705832 41.6425933289659)
ID,Idaho,Jefferson,16051,34198,9.1,33.1,10.2,12.2,11.9,POINT (-112.311047195538 43.8201624900105)
IL,Illinois,Winnebago,17201,280922,13.9,42.0,10.7,15.5,18.4,POINT (-89.1608960279273 42.3363195500472)
TN,Tennessee,Pickett,47137,5128,19.1,41.8,13.4,23.5,,POINT (-85.0749592022297 36.5584729909283)
MI,Michigan,Alger,26003,8757,13.2,36.1,7.0,16.0,14.1,POINT (-86.6040533019625 46.4090255206874)
MO,Missouri,Lincoln,29113,64699,11.1,39.9,8.7,17.6,12.2,POINT (-90.9596887907671 39.0579189378676)
NC,North Carolina,Wake,37183,1190275,9.5,29.3,7.9,9.6,10.3,POINT (-78.6503446201168 35.7900594036584)
IA,Iowa,Sioux,19167,36246,9.8,33.0,7.9,12.9,10.6,POINT (-96.1778115096581 43.0825131009623)
OK,Oklahoma,Garvin,40049,25865,14.1,38.6,12.0,19.2,19.8,POINT (-97.30936420479 34.704567177109)
VA,Virginia,Charlotte,51037,11336,18.6,42.6,11.2,19.2,21.2,POINT (-78.6615588709097 37.0116629163549)
LA,Louisiana,Lafourche,22057,95056,14.7,47.2,9.2,19.1,21.4,POINT (-90.4179690905078 29.5570625348837)
OH,Ohio,Ross,39141,76501,15.0,44.3,9.3,19.8,16.3,POINT (-83.0572216272589 39.3374905467001)
NV,Nevada,Storey,32029,4177,12.4,31.6,8.7,12.1,9.9,POINT (-119.529150600502 39.4468644134962)
TN,Tennessee,Unicoi,47171,17756,16.5,39.3,13.1,21.4,,POINT (-82.432207470715 36.1107828188125)
OH,Ohio,Monroe,39111,13153,16.1,40.4,8.7,20.0,15.5,POINT (-81.08292876066 39.7273484694683)
MI,Michigan,Jackson,26075,159424,12.5,39.2,7.1,15.4,14.7,POINT (-84.4234055669282 42.2484713310932)
NY,New York,Herkimer,36043,59484,11.3,37.0,5.9,14.6,13.1,POINT (-74.9623467621732 43.4192751435735)
NH,New Hampshire,Merrimack,33013,157103,9.1,33.2,6.7,10.6,9.3,POINT (-71.6802740843707 43.2974200794991)
MI,Michigan,Gogebic,26053,14224,15.2,37.0,6.5,16.6,14.5,POINT (-89.6944063949911 46.4088918363673)
WY,Wyoming,Campbell,56005,47498,9.9,35.9,12.5,15.3,,POINT (-105.548057845911 44.2485738556036)
VA,Virginia,Roanoke,51770,97171,15.1,42.0,10.7,16.5,19.0,POINT (-79.9590934003992 37.2785531189904)
WA,Washington,Whatcom,53073,231919,8.8,26.5,7.8,10.8,,POINT (-121.720925963031 48.82579127542)
CT,Connecticut,Western Connecticut,9190,623907,8.5,24.7,9.9,8.5,12.0,POINT (-73.4471607445243 41.3202363326839)
SD,South Dakota,Codington,46029,28971,12.1,35.9,8.7,16.2,,POINT (-97.1886093764611 44.9776548156647)
IL,Illinois,Logan,17107,27590,11.6,38.5,8.5,15.1,14.6,POINT (-89.3675561148044 40.1245688987964)
TX,Texas,Crockett,48105,2858,16.5,37.7,28.2,14.3,,POINT (-101.412113870434 30.7229410965866)
KS,Kansas,Marshall,20117,9933,13.0,37.4,9.0,17.3,12.6,POINT (-96.5228530334659 39.7835675484083)
UT,Utah,Uintah,49047,37747,10.5,35.5,11.3,12.6,15.8,POINT (-109.518214766967 40.1263394843782)
MO,Missouri,Jefferson,29099,231230,11.2,40.3,7.9,16.5,11.2,POINT (-90.5375806514016 38.2609550920891)
NJ,New Jersey,Sussex,34037,146132,9.5,26.9,8.3,11.2,9.7,POINT (-74.6909743887244 41.139262339861)
NC,North Carolina,Montgomery,37123,26085,15.1,38.7,13.5,16.4,18.8,POINT (-79.9051746925854 35.3323223366211)
TX,Texas,Maverick,48323,57762,17.8,43.9,38.8,14.2,,POINT (-100.314712849435 28.7428098080627)
NM,New Mexico,DoÃ±a Ana,35013,225210,13.7,35.9,19.7,12.1,24.5,POINT (-106.832682203524 32.3526405105142)
AR,Arkansas,Marion,5089,17514,16.4,37.9,10.5,18.0,16.6,POINT (-92.6845075082366 36.2686505271229)
IL,Illinois,DeKalb,17037,100288,10.3,35.1,9.2,12.6,15.5,POINT (-88.7703233242501 41.8935375511825)
VA,Virginia,Rappahannock,51157,7414,14.7,35.2,7.8,13.5,10.6,POINT (-78.159292067315 38.6849722358057)
VA,Virginia,Chesterfield,51041,383876,12.4,36.4,8.2,11.5,12.0,POINT (-77.5871385753694 37.3786618867892)
MN,Minnesota,Chisago,27025,58535,10.3,36.5,7.0,14.8,10.2,POINT (-92.9083366954259 45.5024406813939)
SC,South Carolina,Spartanburg,45083,356698,13.5,37.9,13.0,14.2,18.3,POINT (-81.9908502250107 34.9311754038617)
MN,Minnesota,Polk,27119,30412,11.3,39.4,8.3,15.3,12.6,POINT (-96.4022896934934 47.7739940017747)
WA,Washington,Klickitat,53039,23589,11.7,32.9,9.1,12.1,,POINT (-120.788868345248 45.8738600681984)
LA,Louisiana,Bienville,22013,12366,22.1,47.5,10.8,23.8,33.2,POINT (-93.0560190684413 32.3471705711306)
TX,Texas,Pecos,48371,14623,16.5,40.2,31.1,15.8,,POINT (-102.723568115206 30.7808656738658)
NC,North Carolina,Rockingham,37157,92518,14.5,37.3,11.7,17.3,17.8,POINT (-79.7749885459399 36.3960168778977)
MA,Massachusetts,Middlesex,25017,1623952,8.5,23.8,4.0,9.1,9.5,POINT (-71.3919058370361 42.4853611024069)
NY,New York,Madison,36053,66921,10.3,36.4,5.3,12.5,11.5,POINT (-75.6696833726814 42.9129886725057)
IN,Indiana,Grant,18053,66200,15.2,41.1,9.1,17.8,17.0,POINT (-85.6547339794177 40.5158942573757)
KS,Kansas,Sherman,20181,5844,12.3,38.2,10.3,15.1,12.5,POINT (-101.719768412866 39.3514737729657)
GA,Georgia,Bryan,13029,49739,10.0,33.5,10.6,12.3,12.1,POINT (-81.4437379812069 32.0137075119901)
TX,Texas,Montague,48337,21598,13.4,35.0,14.1,15.7,,POINT (-97.7244465016151 33.6754382941616)
MO,Missouri,Callaway,29027,44731,11.9,36.9,8.6,16.7,13.0,POINT (-91.925954260118 38.8352368273699)
AL,Alabama,Cherokee,1019,25666,16.0,39.5,10.0,17.5,16.9,POINT (-85.6038430238838 34.1758355642538)
MO,Missouri,Stoddard,29207,28397,14.2,37.6,10.8,21.6,17.0,POINT (-89.9444502071188 36.8556400328536)
TX,Texas,Moore,48341,21190,14.9,39.0,29.3,15.7,,POINT (-101.893022217269 35.8377251925655)
MS,Mississippi,Hancock,28045,46159,14.3,37.3,9.7,15.7,14.6,POINT (-89.4885165898975 30.4158062648013)
CA,California,Alpine,6003,1141,11.6,28.4,5.7,11.0,10.9,POINT (-119.820667930537 38.5974751291386)
TN,Tennessee,Smith,47159,20538,13.5,39.1,11.7,19.7,,POINT (-85.9555794169535 36.2506836726101)
WI,Wisconsin,Rusk,55107,14143,14.9,41.1,8.4,17.5,13.4,POINT (-91.1334553337081 45.475051704817)
NE,Nebraska,Cheyenne,31033,9541,12.9,34.7,9.6,15.1,12.7,POINT (-102.995099503989 41.2196047468942)
MO,Missouri,Lewis,29111,9818,12.7,36.6,9.7,18.8,15.6,POINT (-91.7217913328164 40.0967025605476)
FL,Florida,Washington,12133,25602,15.1,40.1,15.7,19.5,,POINT (-85.6657307170342 30.6106026849538)
NY,New York,Schuyler,36097,17507,12.4,31.7,6.0,15.1,13.9,POINT (-76.8743925413877 42.3934659710381)
TX,Texas,San Augustine,48405,7833,20.9,43.5,17.5,21.8,,POINT (-94.1681043693853 31.3946415089641)
TX,Texas,Henderson,48213,86158,14.5,35.4,14.9,16.1,,POINT (-95.8540770881773 32.2120534622244)
AL,Alabama,Pickens,1107,18688,18.0,48.0,13.4,18.7,26.7,POINT (-88.0891310718596 33.2807870081005)
LA,Louisiana,Iberville,22047,29617,16.5,43.0,10.2,18.9,26.3,POINT (-91.348393128899 30.2581019680105)
TX,Texas,Rusk,48401,53079,13.9,37.5,16.9,16.1,,POINT (-94.7618224818731 32.1079744041474)
NE,Nebraska,Nemaha,31127,7076,11.7,40.7,9.1,14.8,12.7,POINT (-95.8497433816405 40.387810513617)
FL,Florida,Lee,12071,834573,14.5,30.4,15.7,11.9,,POINT (-81.8411895295692 26.5781570199388)
VA,Virginia,Grayson,51077,15285,17.5,41.1,11.5,19.8,18.5,POINT (-81.2244151028584 36.6563298243171)
TX,Texas,Bee,48025,30850,13.9,39.2,27.7,14.8,,POINT (-97.7408777176847 28.4172095531903)
CO,Colorado,Conejos,8021,7521,13.8,30.3,18.8,13.0,,POINT (-106.191375072993 37.2006625600038)
AR,Arkansas,Pope,5115,64593,12.7,44.6,12.1,16.4,18.4,POINT (-93.034485700416 35.4480772563332)
WI,Wisconsin,Wood,55141,73939,12.6,40.0,7.9,15.5,11.8,POINT (-90.0414727602816 44.4553501743957)
WI,Wisconsin,Kewaunee,55061,20690,12.1,41.3,7.5,14.7,10.5,POINT (-87.615398797136 44.5161730950219)
ID,Idaho,Teton,16081,12549,9.2,32.0,9.6,10.7,10.4,POINT (-111.207859193673 43.7599479101645)
AR,Arkansas,Hot Spring,5059,33258,13.9,37.1,11.3,18.6,19.0,POINT (-92.9452244629986 34.31776968917)
IA,Iowa,Poweshiek,19157,18453,11.4,40.5,7.0,14.7,11.8,POINT (-92.5320731116848 41.6861148866249)
IL,Illinois,Clinton,17027,36785,11.3,40.2,7.5,14.0,12.2,POINT (-89.4224176288435 38.6065114083413)
NV,Nevada,Humboldt,32013,17136,11.5,36.2,14.0,15.6,17.0,POINT (-118.112100864321 41.4067831316237)
IN,Indiana,Wabash,18169,30670,13.8,38.1,8.0,16.8,13.3,POINT (-85.7939718654264 40.8457345000907)
TX,Texas,Howard,48227,30554,13.7,38.4,23.5,15.1,,POINT (-101.435539631592 32.3062566921311)
GA,Georgia,Clinch,13065,6746,17.3,41.9,16.7,21.2,26.2,POINT (-82.7062098247415 30.9148775167837)
LA,Louisiana,Assumption,22007,20160,16.7,38.4,10.0,20.5,24.6,POINT (-91.0607012299689 29.9024260471605)
GA,Georgia,Peach,13225,28805,14.9,39.3,13.7,14.3,20.5,POINT (-83.8278402405427 32.5679570126366)
WV,West Virginia,Doddridge,54017,7680,16.4,41.0,9.8,21.5,17.0,POINT (-80.7064287510437 39.2695178781485)
KS,Kansas,Wallace,20199,1509,13.7,36.6,9.7,15.5,12.3,POINT (-101.76373465007 38.9169062823761)
WI,Wisconsin,Dane,55025,575347,8.2,32.4,6.6,9.8,9.3,POINT (-89.4182987616557 43.0672933058535)
WI,Wisconsin,Menominee,55078,4226,18.2,45.4,9.6,23.4,27.2,POINT (-88.7096965521104 45.0042842747803)
WV,West Virginia,Marshall,54051,29405,16.4,37.5,8.1,20.4,14.8,POINT (-80.663378341193 39.860535240966)
IA,Iowa,Monona,19133,8493,13.1,42.2,7.3,16.3,12.4,POINT (-95.959786390742 42.0515364416231)
MN,Minnesota,Washington,27163,278936,10.3,32.5,5.8,10.9,8.4,POINT (-92.883874636156 45.0391448489101)
AZ,Arizona,Santa Cruz,4023,49158,15.5,34.2,25.7,11.6,25.9,POINT (-110.846572235272 31.525984062461)
FL,Florida,Calhoun,12013,13470,15.2,40.0,16.8,20.2,,POINT (-85.1966088008131 30.4060465608031)
MO,Missouri,Platte,29165,111940,10.0,37.0,7.0,12.1,9.4,POINT (-94.7737122798575 39.3801790382148)
GA,Georgia,Johnson,13167,9282,18.0,43.5,17.4,21.5,25.9,POINT (-82.6605256658153 32.7014019647725)
TN,Tennessee,Grundy,47061,13955,16.5,40.6,14.1,24.2,,POINT (-85.7224804796809 35.3885246221365)
MO,Missouri,Bollinger,29017,10544,14.1,39.3,9.9,20.6,15.1,POINT (-90.0259747684384 37.3221174856419)
UT,Utah,Sevier,49041,22344,10.5,36.4,9.6,10.4,12.3,POINT (-111.804891080022 38.7476963024035)
NE,Nebraska,Douglas,31055,589540,9.8,36.9,10.3,13.4,13.1,POINT (-96.1549052296409 41.2954415594743)
IA,Iowa,Webster,19187,36485,11.8,41.2,8.0,16.0,13.2,POINT (-94.1817626829124 42.4278438783846)
MN,Minnesota,Clay,27027,66258,9.3,32.9,7.2,13.7,12.1,POINT (-96.4906460318929 46.8923234206487)
LA,Louisiana,St. Helena,22091,10774,19.8,42.7,10.6,21.8,31.7,POINT (-90.7103615231255 30.8217054446814)
WY,Wyoming,Washakie,56043,7710,13.7,33.3,13.6,15.4,,POINT (-107.682609867855 43.9044572012832)
VA,Virginia,Mathews,51115,8514,15.2,35.1,7.4,13.1,10.5,POINT (-76.3419069440934 37.436459518715)
ND,North Dakota,Nelson,38063,2991,12.4,39.6,6.9,13.2,9.2,POINT (-98.1920698897068 47.9216773159299)
GA,Georgia,Miller,13201,5747,17.8,41.8,14.2,17.8,21.5,POINT (-84.7307899902966 31.1637772437538)
MN,Minnesota,Martin,27091,19657,13.0,36.3,8.4,15.6,12.3,POINT (-94.5511409161961 43.6742958241115)
AR,Arkansas,Cleveland,5025,7378,15.0,42.4,10.1,17.7,17.5,POINT (-92.1849717548295 33.8983818787189)
NC,North Carolina,Person,37145,39737,14.9,38.8,10.8,16.2,17.8,POINT (-78.9717598158032 36.3900143908706)
NC,North Carolina,Johnston,37101,241955,11.6,35.1,11.4,14.2,15.2,POINT (-78.365753932271 35.5179210737528)
CA,California,San Joaquin,6077,800965,12.3,30.7,12.8,12.6,21.1,POINT (-121.271085290011 37.9345365020323)
NE,Nebraska,Banner,31007,674,13.1,38.5,8.9,12.8,10.4,POINT (-103.711073037199 41.5463470033044)
WV,West Virginia,Clay,54015,7783,18.8,41.9,10.2,24.3,20.4,POINT (-81.0752406360222 38.4623271616957)
SC,South Carolina,Barnwell,45011,20447,19.4,44.2,15.9,19.5,30.5,POINT (-81.4351515831386 33.2660126385425)
FL,Florida,Franklin,12037,12594,15.3,32.3,13.9,16.6,,POINT (-84.8178572043759 29.8620925999962)
MI,Michigan,Montmorency,26119,9678,16.5,38.6,7.0,18.3,15.2,POINT (-84.1276827424359 45.0275595027839)
KS,Kansas,Jefferson,20087,18327,11.3,34.7,7.5,14.6,9.6,POINT (-95.3833179151463 39.2355119930343)
AK,Alaska,Haines,2100,2070,10.8,34.0,7.7,13.8,10.4,POINT (-135.500167586106 59.119335495324)
ID,Idaho,Adams,16003,4903,13.9,34.2,9.8,14.3,12.8,POINT (-116.454153346478 44.8894249014411)
IN,Indiana,Morgan,18109,73227,13.4,37.8,7.6,16.3,12.3,POINT (-86.4459386323054 39.4815379764524)
TX,Texas,Cherokee,48073,52217,14.7,35.7,19.1,16.9,,POINT (-95.1654294685663 31.8369558998934)
VA,Virginia,Bedford,51019,81525,13.5,36.9,7.2,13.2,10.3,POINT (-79.5245292993253 37.3148868360587)
ME,Maine,Franklin,23007,30828,11.3,34.6,8.2,15.6,12.3,POINT (-70.4442282029736 44.9739850873463)
WI,Wisconsin,Pepin,55091,7441,12.4,36.6,7.2,14.2,10.0,POINT (-92.0018752649712 44.5828765257837)
NE,Nebraska,Stanton,31167,5856,11.5,39.8,8.7,13.6,10.4,POINT (-97.1939060618896 41.9169600169038)
CA,California,Contra Costa,6013,1155025,11.3,28.0,7.8,9.3,13.2,POINT (-121.927326815652 37.9192010440958)
MS,Mississippi,Prentiss,28117,25135,13.9,40.5,11.0,17.5,18.8,POINT (-88.5199550587624 34.6182002336868)
GA,Georgia,Warren,13301,5106,20.2,43.5,15.3,18.6,26.6,POINT (-82.6765133555302 33.4084998133757)
IL,Illinois,Perry,17145,20503,13.2,40.7,10.2,17.4,17.7,POINT (-89.3668215059706 38.084140587643)
VA,Virginia,King and Queen,51097,6720,17.0,40.7,9.5,16.4,16.7,POINT (-76.8957452240516 37.7190815706276)
KS,Kansas,Cheyenne,20023,2636,14.8,38.0,11.4,17.7,14.9,POINT (-101.731862459351 39.7858054662886)
IL,Illinois,Tazewell,17179,129541,11.2,36.3,6.9,13.5,11.6,POINT (-89.5134097940558 40.5075460073332)
SD,South Dakota,Sanborn,46111,2399,12.6,36.3,9.3,16.1,,POINT (-98.0910103551739 44.0234869961253)
GA,Georgia,Lee,13177,33872,11.8,39.2,10.5,13.1,13.8,POINT (-84.1404840374699 31.7797631129243)
MS,Mississippi,Grenada,28043,21065,17.6,46.1,12.3,18.5,25.5,POINT (-89.80155075446 33.7699321051446)
WV,West Virginia,Jackson,54035,27593,17.2,42.8,8.2,19.7,15.6,POINT (-81.6747031647578 38.8344945109186)
TN,Tennessee,Franklin,47051,44654,13.9,35.0,10.9,17.7,,POINT (-86.0918698970429 35.1549514186038)
OH,Ohio,Highland,39071,43614,14.7,41.3,9.0,19.5,15.2,POINT (-83.6009281179684 39.1846774295258)
IL,Illinois,Kankakee,17091,105940,13.0,39.8,9.9,14.7,17.4,POINT (-87.8618075697507 41.1377350724182)
MS,Mississippi,Clarke,28023,15228,17.8,38.6,11.7,19.0,23.5,POINT (-88.6894559971703 32.0414239668405)
OH,Ohio,Butler,39017,393043,12.5,39.0,7.9,14.6,13.5,POINT (-84.5755446176036 39.4386549224371)
OK,Oklahoma,Pushmataha,40127,10800,17.7,39.1,12.2,23.6,24.1,POINT (-95.375998987891 34.416281814947)
OR,Oregon,Union,41061,25944,12.2,35.8,8.1,13.7,,POINT (-118.008922920464 45.3104778982292)
GA,Georgia,Toombs,13279,27040,15.5,40.6,16.6,17.5,22.8,POINT (-82.3312358596009 32.1214347307346)
NY,New York,Delaware,36025,44410,12.5,32.8,6.5,14.5,14.3,POINT (-74.9667582288989 42.198267276808)
IL,Illinois,Jefferson,17081,36320,13.0,39.8,8.4,16.1,15.4,POINT (-88.9239770198655 38.3004858334764)
MO,Missouri,Scott,29201,37889,13.4,38.1,9.8,19.2,17.1,POINT (-89.568893407205 37.053398059801)
NE,Nebraska,Holt,31089,10093,12.9,38.4,9.2,14.3,11.6,POINT (-98.7837937755816 42.4555887172756)
GA,Georgia,Mitchell,13205,21114,18.4,45.1,16.0,19.3,27.0,POINT (-84.1949969554577 31.2247787477769)
TX,Texas,Gonzales,48177,19930,16.0,39.4,25.8,15.8,,POINT (-97.4924120761723 29.4565232169214)
WV,West Virginia,Putnam,54079,56962,14.1,38.3,6.9,16.3,11.9,POINT (-81.9090313136704 38.5086607909013)
NC,North Carolina,Hertford,37091,19453,18.9,42.5,12.9,17.6,26.8,POINT (-76.9818607276757 36.3588871196747)
NM,New Mexico,Lea,35025,72101,12.0,37.0,21.6,14.8,26.4,POINT (-103.41236291919 32.7921657831422)
NJ,New Jersey,Passaic,34031,513395,12.7,31.0,18.3,12.3,22.4,POINT (-74.300886244069 41.0345539972896)
OK,Oklahoma,Le Flore,40079,49596,15.1,40.3,12.7,21.9,22.6,POINT (-94.70328856369 34.9005046634998)
MD,Maryland,Talbot,24041,37823,13.1,30.1,7.7,10.9,11.2,POINT (-76.1036585424553 38.7700379010208)
SC,South Carolina,Lexington,45063,309528,12.3,36.2,10.7,13.0,14.7,POINT (-81.2723623256015 33.9025231108699)
OH,Ohio,Perry,39127,35551,14.3,38.6,8.8,19.3,14.8,POINT (-82.2371873934768 39.7377614698385)
ND,North Dakota,Stutsman,38093,21392,10.9,39.7,7.9,15.3,11.4,POINT (-98.9588320811565 46.9792224570658)
MS,Mississippi,Lowndes,28087,57283,15.5,37.5,11.0,15.9,21.9,POINT (-88.4433972982041 33.4730656090566)
TX,Texas,Burnet,48053,53991,13.5,35.3,14.7,13.1,,POINT (-98.1823187653699 30.7885222390925)
MD,Maryland,Howard,24027,336001,10.4,30.0,5.7,7.4,9.4,POINT (-76.9308970282026 39.2502169624857)
ID,Idaho,Payette,16075,27279,11.8,31.4,13.5,14.3,15.6,POINT (-116.760636913533 44.0064328596574)
OH,Ohio,Jefferson,39081,64026,15.1,42.5,8.0,17.6,14.4,POINT (-80.7611246090452 40.3850232178899)
TX,Texas,La Salle,48283,6537,15.5,38.8,39.7,15.3,,POINT (-99.0991054455239 28.3447439568523)
NY,New York,Westchester,36119,990817,10.5,26.0,7.5,9.2,12.4,POINT (-73.7558565589806 41.1617989776323)
MT,Montana,Sanders,30089,13684,13.7,34.9,10.5,16.6,13.6,POINT (-115.133410637731 47.67485749039)
MT,Montana,Fallon,30025,2994,10.2,31.4,9.1,14.3,11.1,POINT (-104.417488264444 46.3342013786752)
WA,Washington,Pacific,53049,24200,14.9,36.4,8.5,13.1,,POINT (-123.705526977151 46.5554327139802)
TN,Tennessee,Humphreys,47085,19209,15.0,41.2,12.1,20.6,,POINT (-87.7755303561665 36.041205154577)
TX,Texas,Jim Wells,48249,38662,18.0,40.6,32.9,14.6,,POINT (-98.0898636168102 27.7313571296444)
IL,Illinois,Saline,17165,22873,13.5,40.3,8.3,16.7,15.5,POINT (-88.5408109499033 37.7531642187375)
KS,Kansas,Riley,20161,71402,7.2,26.4,9.3,11.8,13.4,POINT (-96.735150227287 39.2963177217444)
RI,Rhode Island,Washington,44009,129982,9.0,27.0,4.9,9.5,8.4,POINT (-71.6233119991938 41.4692971384544)
LA,Louisiana,Red River,22081,7356,19.8,43.9,11.1,23.2,31.5,POINT (-93.3400554898866 32.0931744035427)
GA,Georgia,Worth,13321,20273,16.9,38.9,14.2,18.9,21.8,POINT (-83.8509955457944 31.5513177333571)
NE,Nebraska,Washington,31177,21152,10.7,41.2,7.0,12.2,8.9,POINT (-96.2222040629342 41.5309617546696)
CA,California,Mono,6051,13066,10.5,31.2,8.2,11.7,13.2,POINT (-118.887441843869 37.9391655989695)
IN,Indiana,Carroll,18015,20525,13.9,41.6,8.7,17.5,13.3,POINT (-86.5631490017914 40.5827244455324)
UT,Utah,Carbon,49007,20609,12.8,35.0,11.8,11.9,16.2,POINT (-110.589301278449 39.6480541147278)
AK,Alaska,Yukon-Koyukuk,2290,5129,16.5,36.9,13.5,27.4,29.6,POINT (-151.390098989755 65.5085661031514)
MS,Mississippi,DeSoto,28033,193247,12.4,37.3,9.7,13.9,17.0,POINT (-89.9911841534087 34.8754384568601)
IL,Illinois,Fayette,17051,21164,12.7,39.8,9.8,17.4,17.1,POINT (-89.0242017633246 39.0000991125274)
IA,Iowa,Ida,19093,6833,12.4,41.0,7.4,16.0,11.9,POINT (-95.5135119987571 42.3869647701318)
NM,New Mexico,Socorro,35053,15963,15.7,36.2,18.0,15.5,25.5,POINT (-106.93020767439 34.0074096137216)
WA,Washington,Island,53029,86267,10.2,31.3,7.1,9.5,,POINT (-122.54942372127 48.1637480486436)
MN,Minnesota,Carlton,27017,36825,11.7,38.8,8.0,16.2,11.7,POINT (-92.6766788903511 46.592180259463)
TN,Tennessee,Rutherford,47149,367101,10.9,37.9,11.3,14.6,,POINT (-86.4173008190105 35.8422400415262)
GA,Georgia,Baldwin,13009,43396,15.3,38.7,13.6,15.8,22.3,POINT (-83.249810116719 33.0696572776403)
IL,Illinois,Lawrence,17101,14813,12.8,40.7,10.6,17.6,18.0,POINT (-87.7269587583834 38.7204573069594)
NJ,New Jersey,Atlantic,34001,275213,12.7,30.7,11.9,12.9,16.2,POINT (-74.6614046747052 39.4779411555213)
MI,Michigan,Houghton,26061,37599,10.0,33.7,6.2,13.1,12.8,POINT (-88.6874092291116 46.8980091892674)
TN,Tennessee,DeKalb,47041,21225,15.9,40.4,14.4,22.2,,POINT (-85.832699687632 35.979986125338)
VA,Virginia,Hopewell,51670,22752,17.7,45.8,13.6,20.3,28.6,POINT (-77.2999819415793 37.2914251054823)
OH,Ohio,Van Wert,39161,28704,13.2,37.3,8.1,16.5,12.2,POINT (-84.5861187587366 40.8554297690305)
MO,Missouri,Stone,29209,32658,15.6,41.1,8.4,17.3,12.3,POINT (-93.4559770841609 36.7469584782323)
KS,Kansas,Sumner,20191,22334,12.4,39.9,8.9,16.8,12.6,POINT (-97.4769068758362 37.2371328924638)
IN,Indiana,Bartholomew,18005,84003,12.4,38.9,8.4,14.8,13.1,POINT (-85.8974189966702 39.205842711807)
GA,Georgia,Stephens,13257,27228,14.9,38.5,13.7,17.8,17.6,POINT (-83.2929139124452 34.5541172114089)
LA,Louisiana,Orleans,22071,364136,16.2,34.4,8.3,15.0,24.4,POINT (-89.9282747570758 30.0686363503874)
MS,Mississippi,Washington,28151,41946,21.0,44.2,14.4,20.7,35.9,POINT (-90.9474054728213 33.2840015603638)
MI,Michigan,Chippewa,26033,36264,12.7,35.6,7.4,17.6,17.9,POINT (-84.5634389539061 46.3005571527328)
TN,Tennessee,Washington,47179,138420,12.8,35.5,10.8,16.9,,POINT (-82.4976826297545 36.2931013733885)
TX,Texas,Baylor,48023,3463,14.9,36.1,15.3,16.2,,POINT (-99.2135754843925 33.6164027124256)
TX,Texas,Fannin,48147,37571,13.2,39.2,15.3,16.6,,POINT (-96.1067079891207 33.5939918625656)
MI,Michigan,Ogemaw,26129,20990,15.3,39.4,7.4,18.3,15.8,POINT (-84.1264922093549 44.3349268175547)
WY,Wyoming,Fremont,56013,39815,12.4,33.9,11.7,16.4,,POINT (-108.630454608807 43.0406424027024)
TX,Texas,Marion,48315,9571,18.1,39.1,13.6,17.7,,POINT (-94.357306201594 32.7981212293791)
MS,Mississippi,Montgomery,28097,9600,19.6,43.5,12.8,19.4,26.9,POINT (-89.6165507185912 33.4940193440942)
SD,South Dakota,Faulk,46049,2151,14.4,36.3,9.3,17.2,,POINT (-99.1453358077086 45.0709041717065)
IN,Indiana,Jennings,18079,27622,14.3,41.2,8.9,19.5,15.1,POINT (-85.627626766198 38.9970771943506)
MO,Missouri,Howell,29091,40735,14.9,36.8,10.8,21.6,18.3,POINT (-91.8864846136754 36.7739973587625)
MO,Missouri,Lawrence,29109,38872,13.7,40.1,11.6,20.4,17.2,POINT (-93.8329969088242 37.1063602784449)
VA,Virginia,Campbell,51031,55270,14.2,35.6,8.7,15.3,13.9,POINT (-79.0967427063706 37.2054011356881)
MS,Mississippi,Panola,28107,32669,18.4,46.3,13.2,20.4,29.1,POINT (-89.950741579883 34.363793271281)
MN,Minnesota,Rock,27133,9551,11.4,36.6,8.0,15.4,11.7,POINT (-96.2532226133985 43.6747242250722)
TN,Tennessee,Marion,47115,29382,16.2,40.6,13.0,21.7,,POINT (-85.6219431836917 35.1293245805955)
VA,Virginia,Cumberland,51049,9878,16.1,39.5,9.2,15.4,16.0,POINT (-78.2450753193575 37.5116593284539)
WI,Wisconsin,Crawford,55023,15944,13.8,37.4,8.2,16.4,12.8,POINT (-90.9311061711768 43.2395651883967)
MI,Michigan,Ionia,26067,66262,11.1,40.2,7.7,16.3,14.9,POINT (-85.0746221815088 42.9450887788595)
OK,Oklahoma,Delaware,40041,41703,16.7,37.8,10.8,20.5,21.1,POINT (-94.8025161516535 36.4082128143741)
VA,Virginia,Russell,51167,25477,15.7,39.6,10.0,19.0,16.0,POINT (-82.0959945777944 36.9339342856189)
NY,New York,Allegany,36003,46651,11.1,34.4,6.0,13.8,13.9,POINT (-78.0274187445859 42.2573163929949)
MA,Massachusetts,Suffolk,25025,768425,9.3,24.2,6.6,11.1,17.2,POINT (-71.0693454244262 42.3340370910155)
LA,Louisiana,East Baton Rouge,22033,448467,13.9,35.3,7.6,14.0,21.2,POINT (-91.0957544167344 30.538149093174)
IL,Illinois,Macon,17115,100591,13.3,42.1,8.1,15.0,16.5,POINT (-88.9615923987339 39.8598328489155)
NE,Nebraska,Cass,31025,27446,10.8,40.2,7.5,13.0,9.6,POINT (-96.1409357262604 40.9097796883815)
NC,North Carolina,Scotland,37165,34376,17.4,45.2,14.2,21.3,28.3,POINT (-79.4801629069361 34.8409047045285)
MO,Missouri,Moniteau,29135,15256,11.9,39.2,10.3,18.0,13.9,POINT (-92.583050228326 38.6326355995214)
VA,Virginia,Floyd,51063,15679,13.5,32.7,8.0,15.0,10.9,POINT (-80.3618589630036 36.9320626062112)
OR,Oregon,Washington,41067,598865,9.9,32.4,7.8,9.7,,POINT (-123.099014709465 45.5602759986576)
SC,South Carolina,Orangeburg,45075,82820,19.0,42.2,14.5,16.4,29.4,POINT (-80.7997995101772 33.4390784677252)
ME,Maine,Waldo,23027,40620,11.7,34.3,8.1,15.4,10.9,POINT (-69.1440787572762 44.5014638999643)
NC,North Carolina,Guilford,37081,549866,12.2,38.0,10.3,13.0,16.9,POINT (-79.7889017999481 36.079488692501)
TX,Texas,Dallas,48113,2606358,12.5,35.7,20.6,12.5,,POINT (-96.7778014946126 32.7665843308618)
TN,Tennessee,Hardin,47071,27229,17.1,38.1,13.1,22.7,,POINT (-88.184457664171 35.1982852691719)
GA,Georgia,Hall,13139,217267,13.2,32.3,18.0,14.0,17.6,POINT (-83.8198972002444 34.3169672815553)
KS,Kansas,Stevens,20189,5077,14.9,41.3,19.0,18.1,21.6,POINT (-101.311955090747 37.1922947403018)
AR,Arkansas,St. Francis,5123,22101,18.9,48.2,15.1,21.8,32.3,POINT (-90.7484778577097 35.0221692427635)
KS,Kansas,Doniphan,20043,7493,11.5,37.5,8.3,15.3,11.3,POINT (-95.1467594364195 39.7879740207574)
TN,Tennessee,Scott,47151,22171,16.6,43.4,14.8,26.4,,POINT (-84.5038069261659 36.4290014208916)
ND,North Dakota,Emmons,38029,3224,13.5,38.1,7.5,14.7,10.8,POINT (-100.238744597709 46.2850033756392)
TN,Tennessee,Perry,47135,8891,16.4,40.1,14.3,23.6,,POINT (-87.8588595527081 35.6430673129099)
IN,Indiana,Fountain,18045,16731,14.1,42.6,8.6,18.5,14.2,POINT (-87.2416709976357 40.1211593944806)
TX,Texas,Coleman,48083,7842,15.4,37.2,14.5,15.5,,POINT (-99.4537712491394 31.7731194131373)
NM,New Mexico,Chaves,35005,63561,14.3,39.8,20.2,15.1,25.4,POINT (-104.46703689208 33.3632971639634)
TX,Texas,Val Verde,48465,47720,15.6,37.8,32.3,13.0,,POINT (-101.152139791138 29.8924665112135)
AL,Alabama,Clay,1027,14111,16.5,42.5,11.0,18.2,20.2,POINT (-85.8606604130173 33.2693085517833)
NC,North Carolina,McDowell,37111,44893,13.0,35.2,11.2,17.0,15.0,POINT (-82.0487203388744 35.6823599984024)
AR,Arkansas,Crittenden,5035,47139,16.5,46.7,12.3,18.5,28.9,POINT (-90.3082216649023 35.2054090351377)
NC,North Carolina,Warren,37185,18836,20.0,43.9,12.7,18.6,25.7,POINT (-78.1065171313416 36.3966767382286)
NY,New York,Jefferson,36045,114787,10.0,37.8,7.2,13.9,14.5,POINT (-75.9314708754602 44.0477716521405)
VT,Vermont,Grand Isle,50013,7467,9.7,30.7,5.5,11.3,,POINT (-73.2950563301125 44.7975219870819)
NY,New York,St. Lawrence,36089,106940,11.9,41.8,6.5,15.3,14.9,POINT (-75.0691264229894 44.4963810418954)
WI,Wisconsin,Waukesha,55133,412591,10.5,33.4,5.7,10.3,7.6,POINT (-88.3044478622231 43.0182314530753)
ID,Idaho,Clark,16033,801,13.8,36.0,19.5,13.9,20.2,POINT (-112.351741906429 44.2840300339483)
MS,Mississippi,Humphreys,28053,7216,24.7,52.4,16.0,23.2,41.5,POINT (-90.5269687799417 33.1287023682182)
VA,Virginia,Hanover,51085,114148,11.6,32.9,6.6,11.8,9.0,POINT (-77.4911403947855 37.7598860272385)
TX,Texas,Wichita,48485,130180,12.1,35.3,15.9,14.6,,POINT (-98.7037201322171 33.9880210918008)
OH,Ohio,Brown,39015,43777,14.5,41.6,8.7,19.7,15.6,POINT (-83.8672503844998 38.933768273729)
TN,Tennessee,Loudon,47105,60591,15.1,36.4,11.5,15.9,,POINT (-84.3109570879841 35.7351546299953)
MO,Missouri,St. Louis,29510,281754,13.3,37.0,9.2,16.5,19.6,POINT (-90.2469793240044 38.6317585690069)
TX,Texas,Nacogdoches,48347,65375,13.2,33.2,16.7,14.9,,POINT (-94.6159839469319 31.6159103214024)
FL,Florida,Gulf,12045,15693,14.1,35.3,13.0,15.5,,POINT (-85.2306588125917 29.9507458827787)
MI,Michigan,Cass,26027,51642,13.1,36.2,7.3,16.3,14.4,POINT (-85.9935414758751 41.9154206378426)
NE,Nebraska,Madison,31119,35627,11.8,40.0,10.7,14.4,13.6,POINT (-97.6007413254189 41.9166558603453)
WI,Wisconsin,Dunn,55033,45794,9.9,38.8,7.3,13.7,11.2,POINT (-91.8963111239611 44.9466540227818)
NE,Nebraska,Nuckolls,31129,4095,12.7,41.8,8.4,13.5,10.4,POINT (-98.0473462211499 40.1763649753424)
WI,Wisconsin,Trempealeau,55121,30899,12.3,41.3,9.0,15.8,12.5,POINT (-91.3584214806691 44.3039450660913)
NC,North Carolina,Transylvania,37175,33549,12.9,33.7,7.9,12.0,9.9,POINT (-82.7987373770396 35.2014202945151)
AL,Alabama,Limestone,1083,114654,12.5,39.6,9.2,14.2,15.1,POINT (-86.9814538074536 34.8102607960627)
IN,Indiana,Union,18161,6973,13.0,37.6,7.1,15.9,11.2,POINT (-84.9248945899903 39.6253310156947)
WI,Wisconsin,Jackson,55053,20855,13.4,40.4,9.1,17.7,14.4,POINT (-90.8049987126148 44.3192836652452)
WV,West Virginia,Greenbrier,54025,32149,17.3,40.4,9.2,20.8,17.3,POINT (-80.4528428963638 37.9469307056766)
OK,Oklahoma,Caddo,40015,26214,14.9,40.2,15.8,21.5,24.7,POINT (-98.3753072133041 35.1744775420033)
FL,Florida,Palm Beach,12099,1533801,13.7,26.6,14.6,11.2,,POINT (-80.4654629961577 26.6476274123515)
WI,Wisconsin,Manitowoc,55071,81331,12.2,39.1,8.0,14.9,11.5,POINT (-87.8095945027193 44.1199592891552)
GA,Georgia,Polk,13233,44223,14.1,40.4,16.6,17.9,20.0,POINT (-85.1878132568191 34.0020201619572)
IL,Illinois,Cass,17017,12596,13.4,40.6,12.6,15.8,18.1,POINT (-90.2476708850327 39.9736920810451)
NV,Nevada,Mineral,32021,4528,17.6,38.2,13.9,21.4,23.7,POINT (-118.434422566639 38.5384503517263)
MN,Minnesota,Traverse,27155,3136,13.2,38.7,8.5,15.9,12.3,POINT (-96.4714542616451 45.7722365386933)
MT,Montana,McCone,30055,1676,11.1,32.4,8.4,12.7,9.2,POINT (-105.795346558099 47.6451000194583)
SD,South Dakota,Brule,46015,5311,13.2,38.2,8.9,16.4,,POINT (-99.0813622631 43.7182746734064)
MO,Missouri,Harrison,29081,8220,14.7,39.3,9.9,19.7,15.5,POINT (-93.9919380515497 40.3547883582406)
AR,Arkansas,Faulkner,5045,129951,10.8,39.8,9.1,13.6,15.0,POINT (-92.3318762564724 35.1471729558217)
MN,Minnesota,Crow Wing,27035,68304,11.8,37.5,7.0,14.8,10.2,POINT (-94.0706604090783 46.4825194054653)
TX,Texas,Hockley,48219,21460,14.1,36.1,23.2,14.5,,POINT (-102.343246080123 33.6077107803393)
TX,Texas,Tom Green,48451,119057,12.9,36.8,19.3,12.8,,POINT (-100.462488889741 31.4045486569468)
TX,Texas,Ward,48475,10966,14.4,37.6,26.0,14.5,,POINT (-103.102512381465 31.5092300643518)
MS,Mississippi,Jefferson,28063,6941,23.6,51.5,15.0,21.5,38.7,POINT (-91.0359437019146 31.7341340568142)
AK,Alaska,Copper River,2066,2674,11.4,33.6,9.5,17.8,14.1,POINT (-143.967989524598 61.8833837156363)
NY,New York,Monroe,36055,748482,11.2,31.4,6.0,11.6,13.3,POINT (-77.6959824887076 43.1467148818856)
AR,Arkansas,Crawford,5033,61891,13.0,38.8,11.6,16.8,17.9,POINT (-94.2424245667651 35.5884321173193)
CA,California,Sutter,6101,97948,12.8,29.5,11.9,13.9,20.7,POINT (-121.694661656309 39.0344595609474)
NC,North Carolina,Yancey,37199,18938,13.7,35.6,10.4,15.9,13.5,POINT (-82.30769414617 35.8991764909611)
UT,Utah,Iron,49021,64211,9.4,35.3,10.0,9.9,13.8,POINT (-113.289705268813 37.8593035507796)
MN,Minnesota,Becker,27005,35283,11.8,37.3,7.5,15.4,12.2,POINT (-95.6740094489452 46.9348310979902)
AZ,Arizona,Mohave,4015,223682,14.2,32.7,13.1,16.1,15.8,POINT (-113.758099268811 35.7044739765542)
CA,California,Yuba,6115,85722,11.3,30.8,11.0,14.5,20.2,POINT (-121.35117318039 39.2689845062383)
VA,Virginia,Falls Church,51610,14685,8.9,29.1,5.0,6.7,5.7,POINT (-77.1744854769515 38.8847189468173)
MD,Maryland,Charles,24017,171973,13.4,41.9,7.5,11.5,16.4,POINT (-76.9921815094734 38.5069477200876)
IA,Iowa,Adams,19003,3544,13.2,39.1,6.5,15.6,11.0,POINT (-94.6992691532001 41.0289653438326)
AL,Alabama,Barbour,1005,24585,19.6,46.8,14.3,20.2,30.5,POINT (-85.3928136383141 31.8698172860413)
OK,Oklahoma,Tillman,40141,6869,16.2,44.0,15.9,18.1,21.6,POINT (-98.9247342010852 34.3731144754171)
NM,New Mexico,McKinley,35031,68797,19.0,41.3,15.1,26.8,42.6,POINT (-108.261731051925 35.5805625564961)
KS,Kansas,Kiowa,20097,2374,11.8,39.0,8.6,13.9,11.1,POINT (-99.2857649156588 37.5584165056584)
MI,Michigan,Bay,26017,102500,12.6,38.0,7.3,15.7,14.3,POINT (-83.9921481500955 43.7075300134209)
CO,Colorado,El Paso,8041,744215,8.7,28.3,9.5,10.7,,POINT (-104.525624950703 38.8322231454807)
TX,Texas,Ochiltree,48357,9704,14.1,39.2,26.1,14.9,,POINT (-100.815710053188 36.2782929331086)
TX,Texas,Brewster,48043,9513,12.8,32.8,15.8,9.7,,POINT (-103.252136974717 29.8117853874334)
IL,Illinois,Henry,17073,48448,11.9,36.9,7.9,13.8,11.9,POINT (-90.1311470026437 41.3531967727209)
NJ,New Jersey,Camden,34007,527196,11.4,29.8,11.6,13.1,16.4,POINT (-74.9594885995399 39.8036787801213)
FL,Florida,Madison,12079,18519,16.8,38.0,16.6,18.8,,POINT (-83.4697895536584 30.4442617012306)
OK,Oklahoma,Woods,40151,8564,11.1,36.6,10.1,14.7,15.3,POINT (-98.8645038210662 36.7669182017957)
IA,Iowa,Cass,19029,13130,13.9,40.7,7.6,17.5,13.2,POINT (-94.9277453706317 41.3314807501606)
CA,California,Los Angeles,6037,9663345,12.6,26.5,11.7,11.2,20.7,POINT (-118.224550062411 34.321384729882)
ND,North Dakota,Wells,38103,3876,13.8,37.8,7.3,14.7,10.9,POINT (-99.6609313228591 47.5874671044257)
GA,Georgia,Randolph,13243,6078,24.9,45.6,16.8,21.1,34.1,POINT (-84.753987782591 31.7625693766127)
CT,Connecticut,Lower Connecticut River Valley,9130,176215,9.4,29.0,6.4,9.8,9.3,POINT (-72.5066303826498 41.4498201770309)
NE,Nebraska,Hall,31079,62197,12.0,41.2,16.1,14.6,17.5,POINT (-98.5021800441463 40.872610586457)
VA,Virginia,Northampton,51131,12021,18.5,39.5,10.0,14.4,16.7,POINT (-75.8776617999359 37.3430657816696)
KS,Kansas,Gove,20063,2735,12.3,37.4,8.4,15.2,10.3,POINT (-100.482943577373 38.9158732062786)
GA,Georgia,Wheeler,13309,7081,16.0,41.3,19.2,21.0,26.8,POINT (-82.725207369526 32.1177472167522)
MO,Missouri,Perry,29157,18950,12.5,36.0,9.0,17.5,12.9,POINT (-89.824381674535 37.7071519282393)
IL,Illinois,Marion,17121,36673,13.3,39.5,8.3,17.0,15.7,POINT (-88.9190048820085 38.649511311863)
OH,Ohio,Clermont,39025,211972,12.6,34.7,7.2,15.6,11.2,POINT (-84.1516609554165 39.0475584272622)
IN,Indiana,Putnam,18133,37567,12.4,38.4,8.0,16.4,13.1,POINT (-86.8449281371974 39.6662001889294)
NE,Nebraska,Logan,31113,655,12.0,35.9,7.1,12.5,8.8,POINT (-100.481709521356 41.5664837079147)
NY,New York,Franklin,36033,46502,12.2,40.7,6.9,16.3,16.4,POINT (-74.30395346542 44.5927797283377)
OH,Ohio,Hancock,39063,74704,12.5,39.3,7.5,14.5,11.3,POINT (-83.6664968686287 41.0019198179089)
TX,Texas,Titus,48449,31357,15.6,38.6,24.8,16.5,,POINT (-94.9657501261374 33.2166629158595)
LA,Louisiana,Union,22111,20650,18.4,37.0,9.9,20.8,25.0,POINT (-92.374694641068 32.8316386036806)
WA,Washington,Ferry,53019,7497,15.1,40.2,8.5,16.0,,POINT (-118.516481238407 48.4706654401382)
MI,Michigan,Mecosta,26107,41099,12.4,37.1,7.3,16.7,16.1,POINT (-85.3245437468865 43.6407663008844)
SD,South Dakota,Lake,46079,11031,12.0,32.5,7.7,13.2,,POINT (-97.129188264619 44.0219326710589)
GA,Georgia,Berrien,13019,18570,16.0,38.1,15.9,20.7,22.0,POINT (-83.2290045854325 31.2755410345454)
SD,South Dakota,Brookings,46011,35980,8.5,35.7,7.3,10.7,,POINT (-96.7905861883825 44.3697353711852)
MS,Mississippi,Simpson,28127,25715,16.2,40.2,11.9,18.1,22.2,POINT (-89.9198481400009 31.9130976911901)
ID,Idaho,Bingham,16011,50395,11.2,39.0,12.4,14.0,15.5,POINT (-112.398339286311 43.2166155233315)
ME,Maine,Oxford,23017,59905,13.7,35.0,8.9,17.8,14.0,POINT (-70.7565587032963 44.4994517521229)
IL,Illinois,Putnam,17155,5561,12.1,36.1,7.4,13.1,10.9,POINT (-89.28567193027 41.2043746603527)
VA,Virginia,York,51199,70952,11.1,31.5,6.7,10.0,9.0,POINT (-76.561805950188 37.2423810650831)
TN,Tennessee,Cheatham,47021,42254,12.4,39.6,10.7,17.4,,POINT (-87.0865972682004 36.2615325134934)
SD,South Dakota,Marshall,46091,4390,12.7,35.9,9.2,15.2,,POINT (-97.5986032728559 45.758611768043)
UT,Utah,Piute,49031,1550,15.2,33.0,13.0,12.3,16.6,POINT (-112.127216144645 38.3366319374569)
NE,Nebraska,Boyd,31015,1725,14.8,37.9,8.4,14.7,11.5,POINT (-98.7660858450146 42.8996687200276)
OH,Ohio,Licking,39089,183201,12.9,37.5,7.2,15.4,11.7,POINT (-82.4830744738759 40.0915299705467)
MO,Missouri,Daviess,29061,8551,14.2,38.4,10.1,19.6,15.1,POINT (-93.9856225392592 39.9608907797311)
OR,Oregon,Grant,41023,7215,14.6,33.6,8.0,14.4,,POINT (-119.00717682672 44.49127038396)
NC,North Carolina,Anson,37007,21897,17.2,43.3,14.0,19.7,27.0,POINT (-80.1026872705448 34.9736529585894)
LA,Louisiana,Tangipahoa,22105,138064,14.6,43.0,9.5,18.6,23.3,POINT (-90.4054384454743 30.6268255667228)
TX,Texas,Jasper,48241,32694,16.3,41.1,15.0,18.9,,POINT (-94.024938176816 30.743798480651)
OK,Oklahoma,Osage,40113,46130,14.4,46.4,10.1,17.9,18.2,POINT (-96.3986287125622 36.6293205583232)
MT,Montana,Garfield,30033,1211,11.5,30.6,9.3,14.8,11.4,POINT (-106.993015201979 47.277695179485)
WV,West Virginia,Boone,54005,20576,17.3,46.7,9.1,21.9,17.4,POINT (-81.7108557946382 38.0221545914536)
GA,Georgia,Turner,13287,8909,18.5,44.4,17.0,20.2,28.0,POINT (-83.6240607423052 31.7163577811279)
TX,Texas,Grimes,48185,32384,14.4,37.1,18.5,15.7,,POINT (-95.9857958270948 30.543616879783)
KS,Kansas,Morris,20127,5334,13.5,36.7,8.5,15.2,11.2,POINT (-96.6500910404182 38.6874412816542)
TX,Texas,Knox,48275,3302,15.6,37.8,19.1,15.6,,POINT (-99.7414172511537 33.6061582190802)
CO,Colorado,Rio Grande,8105,11188,12.2,27.7,15.9,12.5,,POINT (-106.383128191215 37.5823404971602)
ME,Maine,Knox,23013,40977,11.2,28.8,7.6,13.6,8.9,POINT (-69.1529439629705 44.1244743219944)
IN,Indiana,Starke,18149,23206,15.0,42.4,9.6,19.9,16.0,POINT (-86.6477599855735 41.2809061260175)
IA,Iowa,Appanoose,19007,12119,15.4,43.4,8.2,19.6,15.8,POINT (-92.8685276330916 40.7431944324704)
ID,Idaho,Minidoka,16067,22480,12.3,36.4,18.1,13.5,18.8,POINT (-113.637539859749 42.8540795007732)
SC,South Carolina,Florence,45041,137214,15.5,40.6,12.2,14.8,21.7,POINT (-79.702657948417 34.024373011264)
ND,North Dakota,Bottineau,38009,6349,11.9,37.7,6.7,13.4,9.7,POINT (-100.833207106085 48.7921188986566)
SD,South Dakota,Todd,46121,9199,20.7,49.3,17.6,37.2,,POINT (-100.718413378982 43.1933890793719)
TX,Texas,Archer,48009,9029,12.7,34.9,12.3,14.6,,POINT (-98.687690972691 33.6153652781023)
CO,Colorado,Eagle,8037,54381,8.5,24.3,11.3,10.3,,POINT (-106.695496417597 39.6280227187944)
IL,Illinois,Mercer,17131,15487,12.4,38.6,7.8,15.3,12.9,POINT (-90.7412554728013 41.2053038911071)
IN,Indiana,Elkhart,18039,206409,13.6,43.8,12.6,17.0,17.6,POINT (-85.8587533733708 41.5974196705107)
IA,Iowa,Worth,19195,7297,12.4,40.5,6.8,15.5,10.6,POINT (-93.2608487559082 43.3773939614585)
NE,Nebraska,Sarpy,31153,199886,9.4,35.9,7.9,11.1,9.4,POINT (-96.1117019228892 41.1130904010973)
KS,Kansas,Greenwood,20073,5870,14.4,40.7,9.0,17.4,13.1,POINT (-96.2327016576349 37.8774183333245)
VA,Virginia,Tazewell,51185,39120,15.9,40.4,10.0,18.1,16.1,POINT (-81.5602659283413 37.1251047751377)
OH,Ohio,Summit,39153,535733,13.7,37.6,7.4,14.6,13.7,POINT (-81.5321556359145 41.1259055177579)
OR,Oregon,Multnomah,41051,789698,9.5,28.9,7.5,12.0,,POINT (-122.414965303499 45.5465894638221)
OK,Oklahoma,Choctaw,40023,14276,17.2,45.4,11.9,21.5,24.5,POINT (-95.5526898932079 34.0264652841827)
KS,Kansas,Comanche,20033,1655,13.3,39.2,8.9,15.1,11.2,POINT (-99.2713364764272 37.1911879051911)
MI,Michigan,Lenawee,26091,97520,12.4,40.6,7.6,15.5,14.2,POINT (-84.0663547898499 41.8951017478988)
NC,North Carolina,Camden,37029,11137,10.7,35.2,8.2,13.1,10.6,POINT (-76.2049603642896 36.3863407828493)
VA,Virginia,Manassas Park,51685,16361,13.8,38.6,17.8,13.8,21.1,POINT (-77.4422630242514 38.7705635419789)
LA,Louisiana,Franklin,22041,19285,18.4,42.0,10.7,22.7,29.3,POINT (-91.6739766848067 32.1329415542491)
TX,Texas,San Saba,48411,5845,14.2,35.8,20.7,14.9,,POINT (-98.8176268583521 31.1552372018107)
MT,Montana,Sweet Grass,30097,3763,10.9,29.4,8.6,13.0,9.7,POINT (-109.940540765748 45.81473743028)
GA,Georgia,Charlton,13049,12934,16.1,41.5,21.2,20.1,26.0,POINT (-82.1375085665109 30.781754397392)
ND,North Dakota,Cavalier,38019,3596,11.8,39.5,6.6,12.4,8.5,POINT (-98.4646935090672 48.7723779711698)
KS,Kansas,Pratt,20151,9082,12.1,36.5,9.4,14.8,12.1,POINT (-98.7391598966299 37.6478610031507)
IN,Indiana,Miami,18103,35402,14.6,44.3,9.8,19.2,16.5,POINT (-86.045101263622 40.7694967091827)
NE,Nebraska,Polk,31143,5228,12.0,40.4,9.1,13.6,10.4,POINT (-97.5682104785757 41.1868788654639)
MO,Missouri,Cole,29051,77278,11.0,36.6,7.6,13.9,11.1,POINT (-92.2817259029036 38.5058485320445)
MI,Michigan,Clinton,26037,79720,10.6,35.2,5.8,12.9,11.1,POINT (-84.6015552625683 42.9436867902177)
IL,Illinois,DuPage,17043,921213,10.0,29.2,7.2,9.5,10.7,POINT (-88.0856542042862 41.8520411795759)
NV,Nevada,White Pine,32033,8522,12.6,34.4,13.2,17.5,16.9,POINT (-114.901647765037 39.4423250003683)
SD,South Dakota,Moody,46101,6450,12.1,33.6,8.1,14.5,,POINT (-96.6708077105254 44.0221484139068)
WY,Wyoming,Laramie,56021,100984,10.5,33.8,12.0,13.3,,POINT (-104.689171612404 41.3069899861076)
GA,Georgia,Cook,13075,17714,16.5,37.6,16.2,19.7,25.0,POINT (-83.4302684061787 31.1543623061058)
TX,Texas,McCulloch,48307,7452,15.5,36.4,19.0,15.1,,POINT (-99.347172859715 31.1988395534553)
OK,Oklahoma,McClain,40087,47072,11.3,38.5,9.8,15.4,14.2,POINT (-97.4447724910511 35.0093319713623)
GA,Georgia,Seminole,13253,9092,18.0,39.4,13.3,17.0,20.7,POINT (-84.8685083856567 30.9386333289303)
LA,Louisiana,Livingston,22063,150145,12.7,38.9,8.3,17.1,18.5,POINT (-90.7278404425873 30.4403728498573)
NV,Nevada,Eureka,32011,1917,16.1,38.8,12.3,21.8,21.5,POINT (-116.268747131157 39.984346172115)
GA,Georgia,Dawson,13085,31732,11.6,31.6,10.9,12.6,11.2,POINT (-84.171002262823 34.444384268494)
SD,South Dakota,Hamlin,46057,6451,10.1,34.6,9.1,14.6,,POINT (-97.1882937683858 44.6736172154631)
VA,Virginia,Southampton,51175,17975,15.9,38.4,8.7,15.0,15.0,POINT (-77.1061615767879 36.7202102986643)
NE,Nebraska,Deuel,31049,1871,14.2,39.8,9.1,14.6,11.7,POINT (-102.333875411547 41.111543648751)
NE,Nebraska,Hayes,31085,846,14.1,41.0,9.6,14.4,11.7,POINT (-101.061633425923 40.5244786517051)
NC,North Carolina,Orange,37135,150626,9.3,28.0,7.5,9.3,9.9,POINT (-79.1206058027686 36.0613413706585)
TX,Texas,Camp,48063,13000,16.1,40.0,19.8,17.2,,POINT (-94.9789217135822 32.9735287736727)
ND,North Dakota,Sheridan,38083,1266,13.9,36.2,7.5,13.8,9.8,POINT (-100.345586051692 47.5755243498147)
OK,Oklahoma,Cotton,40033,5427,15.4,43.1,11.3,19.3,19.6,POINT (-98.3721992106375 34.2900586392925)
WV,West Virginia,Wayne,54099,37686,16.9,42.6,9.0,21.5,17.0,POINT (-82.4271343320478 38.1459980233102)
TX,Texas,Denton,48121,1007703,9.9,33.7,11.2,9.8,,POINT (-97.116782971613 33.2055820365449)
TX,Texas,Red River,48387,11678,16.9,38.5,14.3,17.5,,POINT (-95.0501254289068 33.6213184378431)
TX,Texas,Foard,48155,1079,18.2,40.1,18.4,18.0,,POINT (-99.7779429251339 33.9747830849659)
MA,Massachusetts,Barnstable,25001,231735,10.7,26.3,3.6,10.5,8.3,POINT (-70.2900437375163 41.7233065590504)
IA,Iowa,Floyd,19067,15326,12.9,39.8,7.4,16.2,12.1,POINT (-92.7890145579798 43.05993845493)
AR,Arkansas,Pike,5109,10208,14.4,38.3,11.4,17.4,18.0,POINT (-93.6567760728936 34.1639175444477)
MS,Mississippi,Yalobusha,28161,12386,19.0,40.1,13.2,20.7,27.3,POINT (-89.7073616275877 34.0281800433825)
AL,Alabama,Hale,1065,14888,19.7,47.6,12.4,18.9,30.1,POINT (-87.6288617663726 32.7624422973756)
AL,Alabama,Houston,1069,108462,15.7,40.5,10.4,16.0,20.4,POINT (-85.3024748570754 31.153023163546)
MI,Michigan,Kent,26081,661354,10.3,34.8,7.4,13.0,13.6,POINT (-85.5493053557881 43.0321488100152)
AR,Arkansas,Lafayette,5073,6095,20.6,46.0,14.1,21.5,29.0,POINT (-93.6074236583095 33.241415618939)
WI,Wisconsin,La Crosse,55063,120486,10.1,37.5,6.6,12.6,10.2,POINT (-91.115031156818 43.9064334776905)
TX,Texas,Comal,48091,193928,11.2,35.0,12.9,10.5,,POINT (-98.2782109308562 29.8082695377616)
NE,Nebraska,Wheeler,31183,775,13.2,38.4,7.5,12.8,9.1,POINT (-98.5279499784813 41.9148559513919)
VA,Virginia,Petersburg,51730,33309,19.2,46.6,11.8,16.9,28.9,POINT (-77.3919314700723 37.2039514678356)
MO,Missouri,Marion,29127,28336,12.8,39.6,8.8,17.3,13.7,POINT (-91.6224548033761 39.805944171417)
NC,North Carolina,Gaston,37071,237242,12.3,36.2,10.9,15.0,16.1,POINT (-81.1801972591213 35.2943611535336)
AL,Alabama,Marengo,1091,18684,19.8,43.1,11.5,17.5,27.3,POINT (-87.7895124506775 32.2478854975948)
IA,Iowa,Mitchell,19131,10518,12.2,40.1,6.8,15.3,10.9,POINT (-92.788873921648 43.3563415799349)
AR,Arkansas,Nevada,5099,8120,18.3,44.0,12.4,20.4,25.9,POINT (-93.3071170868575 33.6633038300917)
IN,Indiana,Lawrence,18093,45084,13.9,42.0,8.0,16.9,12.7,POINT (-86.4831953393558 38.8410413548548)
CO,Colorado,La Plata,8067,56407,9.3,20.9,8.6,11.7,,POINT (-107.843443917633 37.2866354863835)
AL,Alabama,Washington,1129,15022,17.0,41.1,9.7,17.3,21.0,POINT (-88.2081714139416 31.4075499895542)
ND,North Dakota,Ransom,38073,5603,12.1,37.9,7.7,14.8,10.9,POINT (-97.6574454800637 46.4562203599043)
MI,Michigan,Otsego,26137,25747,12.3,38.1,6.2,15.1,12.4,POINT (-84.5991763302344 45.0212471320852)
MO,Missouri,Wayne,29223,10811,17.4,41.5,11.4,23.9,19.7,POINT (-90.4615691266314 37.1126282484814)
TX,Texas,Sherman,48421,2678,12.9,35.4,20.9,12.3,,POINT (-101.893369592743 36.2776904300131)
ID,Idaho,Franklin,16041,15494,9.4,35.7,10.1,12.9,12.4,POINT (-111.813247947913 42.1809525302421)
AR,Arkansas,Stone,5137,12671,17.0,39.8,11.2,19.7,19.2,POINT (-92.1570988831634 35.8596284960808)
IL,Illinois,Wabash,17185,10942,13.3,39.8,7.9,15.8,14.4,POINT (-87.8434564794453 38.4466641598799)
CO,Colorado,Pueblo,8101,169422,12.3,32.1,16.3,13.9,,POINT (-104.512455462804 38.1734469855067)
WI,Wisconsin,Vilas,55125,23885,13.8,38.4,6.3,14.2,10.5,POINT (-89.5147032960432 46.0528283109831)
AL,Alabama,Conecuh,1035,11174,22.1,46.4,12.7,20.5,30.2,POINT (-86.9935445067511 31.4293022573494)
GA,Georgia,Fayette,13113,123351,12.6,30.7,9.0,9.6,10.5,POINT (-84.4949703697974 33.4135379836022)
VA,Virginia,Pulaski,51155,33655,14.1,35.7,8.5,15.7,12.8,POINT (-80.7139880975178 37.0634183690299)
MN,Minnesota,Pipestone,27117,9245,12.7,38.5,9.1,16.5,13.4,POINT (-96.258699156012 44.0228579437329)
TN,Tennessee,Wilson,47189,163674,11.3,31.2,9.6,14.4,,POINT (-86.2966144804247 36.1542947750391)
AR,Arkansas,Lawrence,5075,16318,14.4,43.7,11.6,19.8,19.6,POINT (-91.1072092066806 36.041205068049)
SD,South Dakota,Clay,46027,15431,8.1,34.7,8.1,12.4,,POINT (-96.9756758496427 42.9146390939177)
TX,Texas,Kerr,48265,53915,14.7,34.4,15.7,12.4,,POINT (-99.350036097122 30.0614415386798)
MT,Montana,Missoula,30063,121849,8.3,26.2,8.5,11.5,9.8,POINT (-113.923598949426 47.0365296184617)
FL,Florida,Putnam,12107,75955,17.5,33.1,18.0,21.0,,POINT (-81.7441497161206 29.6086037445797)
IN,Indiana,Huntington,18069,36781,13.3,39.9,7.9,16.6,13.2,POINT (-85.4881271128976 40.829052243995)
IL,Illinois,Brown,17009,6294,11.7,41.5,12.1,17.8,19.8,POINT (-90.7503721365036 39.9613825830312)
ID,Idaho,Lincoln,16063,5450,11.5,34.2,17.2,14.2,17.9,POINT (-114.138461485006 43.0023295316481)
LA,Louisiana,Rapides,22079,126260,15.6,40.7,8.7,18.7,23.2,POINT (-92.5332951184177 31.1984779886791)
IA,Iowa,Des Moines,19057,38253,12.3,34.6,7.4,15.9,13.0,POINT (-91.1815785241532 40.9228727510382)
ID,Idaho,Bonneville,16019,131366,9.4,33.3,10.7,11.4,12.6,POINT (-111.614650145003 43.3878527716182)
KS,Kansas,Cloud,20029,8854,12.3,41.4,8.6,15.9,12.3,POINT (-97.6491868302205 39.4802813599437)
KS,Kansas,Scott,20171,4922,11.4,38.1,11.1,13.3,11.8,POINT (-100.906661843738 38.4822077828267)
AR,Arkansas,Searcy,5129,7806,17.6,39.9,11.9,20.9,20.3,POINT (-92.6994901353755 35.9111264752522)
NY,New York,Broome,36007,196077,10.9,33.1,6.4,13.2,14.6,POINT (-75.8203478318094 42.1606085222515)
WI,Wisconsin,Green,55045,36951,11.3,40.3,7.1,13.6,10.0,POINT (-89.6020712518999 42.6799812796383)
TX,Texas,San Jacinto,48407,28936,16.4,39.0,17.6,17.5,,POINT (-95.1669956585337 30.5795837106641)
GA,Georgia,Colquitt,13071,46167,16.7,35.7,19.9,19.2,25.7,POINT (-83.7688122592835 31.1884393973825)
WA,Washington,King,53033,2271380,7.3,22.6,6.8,7.2,,POINT (-121.806357849743 47.4902143620529)
IL,Illinois,Whiteside,17195,54498,13.0,36.2,9.6,14.6,14.1,POINT (-89.9143139022835 41.7561278441727)
CA,California,Calaveras,6009,46565,13.2,29.8,7.1,13.4,13.1,POINT (-120.554047814815 38.2047708244318)
NC,North Carolina,Craven,37049,102391,12.5,36.9,10.2,14.0,14.8,POINT (-77.0916632156451 35.1237779325124)
GA,Georgia,Brooks,13027,16245,20.0,40.2,16.4,19.8,26.5,POINT (-83.5801358740807 30.8426528591046)
OH,Ohio,Ashtabula,39007,96845,16.2,45.8,10.0,20.1,17.6,POINT (-80.7483101330855 41.7071560039231)
VA,Virginia,Greene,51079,21301,12.7,37.8,9.0,14.2,12.5,POINT (-78.4660349501427 38.2969463597129)
VA,Virginia,Newport News,51700,183118,13.5,40.8,10.3,14.1,18.7,POINT (-76.5195549672187 37.1051297333902)
OR,Oregon,Jefferson,41031,25454,13.4,35.5,11.2,14.6,,POINT (-121.176060060518 44.6292962324292)
IN,Indiana,Howard,18067,83831,14.4,36.5,8.4,17.9,14.6,POINT (-86.1168990827682 40.4836015178062)
NY,New York,Tompkins,36109,103558,7.6,24.6,4.7,9.0,10.7,POINT (-76.4731803143475 42.4518588047032)
AL,Alabama,Dale,1045,49871,15.8,41.3,11.5,17.5,21.3,POINT (-85.6109266826185 31.4316629601359)
MT,Montana,Gallatin,30031,126409,6.7,23.0,8.3,9.7,8.5,POINT (-111.170409745643 45.5418628228387)
NJ,New Jersey,Hudson,34017,705472,10.5,27.9,14.6,10.6,18.4,POINT (-74.0775216353661 40.7357102732875)
MN,Minnesota,Steele,27147,37421,10.9,37.4,8.2,14.2,11.6,POINT (-93.226186337207 44.0223725505078)
AL,Alabama,Madison,1089,412600,12.1,39.9,8.0,11.8,13.3,POINT (-86.550355969647 34.7630088775779)
UT,Utah,Millard,49027,13437,11.8,34.1,11.7,10.8,14.2,POINT (-113.10069743575 39.073283581998)
UT,Utah,Juab,49023,13023,9.0,32.6,9.7,10.3,12.7,POINT (-112.784526719148 39.7025896591621)
IA,Iowa,Jones,19105,20900,11.9,39.7,6.9,16.0,11.5,POINT (-91.1315346507594 42.1211945179195)
LA,Louisiana,Caldwell,22021,9389,16.7,38.6,10.7,23.0,26.0,POINT (-92.1165202353194 32.0924614365506)
TX,Texas,Anderson,48001,57736,13.9,39.9,19.1,17.4,,POINT (-95.6522925576106 31.8129156311575)
VA,Virginia,Fairfax,51059,1141878,10.7,24.0,7.4,8.1,9.2,POINT (-77.2765145463011 38.8358932189183)
OK,Oklahoma,Okmulgee,40111,37035,15.4,45.0,11.1,20.0,21.8,POINT (-95.9642441930867 35.6465877154505)
IN,Indiana,Spencer,18147,19910,13.4,39.9,7.3,16.0,11.4,POINT (-87.0078072940662 38.014215806549)
WA,Washington,San Juan,53055,18566,10.9,24.7,6.0,8.9,,POINT (-122.95346310344 48.5785632564628)
MT,Montana,Hill,30041,16276,12.1,38.5,11.5,18.2,18.2,POINT (-110.109576831952 48.6283364408587)
TN,Tennessee,Maury,47119,110760,12.6,35.2,11.0,16.4,,POINT (-87.0773669736942 35.6172345332644)
SD,South Dakota,Hanson,46061,3471,12.1,36.6,8.3,16.8,,POINT (-97.7870607650821 43.6748173790329)
WI,Wisconsin,Marquette,55077,15838,14.6,43.4,8.5,17.0,12.8,POINT (-89.3985332704567 43.8195169101074)
CO,Colorado,Moffat,8081,13327,10.8,28.5,12.8,15.6,,POINT (-108.207493719642 40.6184441818552)
NV,Nevada,Elko,32007,54293,11.0,38.0,13.9,17.1,17.4,POINT (-115.357816697339 41.146014947299)
MT,Montana,Valley,30105,7474,11.6,32.7,9.3,14.1,12.2,POINT (-106.668213499026 48.364902327122)
WI,Wisconsin,Langlade,55067,19404,14.1,37.1,8.5,17.2,13.0,POINT (-89.0718838982873 45.2623121759565)
NC,North Carolina,Graham,37075,8052,13.1,35.1,9.9,15.7,13.2,POINT (-83.8330304431855 35.3499181619087)
TX,Texas,Llano,48299,22875,15.7,35.8,12.2,12.5,,POINT (-98.6842723266415 30.7058285509111)
ND,North Dakota,McHenry,38049,5131,11.9,42.1,7.5,15.2,10.7,POINT (-100.636366140293 48.2345457396135)
TN,Tennessee,Trousdale,47169,12271,11.7,39.1,14.3,20.8,,POINT (-86.1558070520921 36.3926432948972)
TX,Texas,Collingsworth,48087,2563,15.5,39.3,20.2,16.5,,POINT (-100.270010483746 34.9648943872209)
MN,Minnesota,Stearns,27145,160977,10.1,36.0,7.9,14.0,12.9,POINT (-94.6136347770547 45.5522658196664)
IN,Indiana,Lake,18089,500598,15.1,39.9,10.7,17.0,19.5,POINT (-87.3820486032242 41.4171965042664)
IA,Iowa,Story,19169,98566,8.1,30.8,6.1,11.1,10.9,POINT (-93.46507271122 42.0362299275331)
IA,Iowa,Fremont,19071,6458,12.7,39.9,6.6,15.2,10.6,POINT (-95.6047023421803 40.7455695629106)
ID,Idaho,Idaho,16049,17890,12.8,31.8,9.7,13.1,12.0,POINT (-115.467318915313 45.8440696715495)
IN,Indiana,Crawford,18025,10438,17.8,43.6,10.3,23.5,20.0,POINT (-86.4517048200558 38.2922407682641)
ID,Idaho,Jerome,16053,25479,12.6,35.8,20.4,15.7,21.9,POINT (-114.264298293712 42.6896258772635)
CO,Colorado,Ouray,8091,5176,10.0,23.3,6.2,9.1,,POINT (-107.769144102426 38.1549222125572)
MO,Missouri,Johnson,29101,54962,9.6,35.3,8.6,15.2,13.1,POINT (-93.8063505442671 38.7442053510881)
UT,Utah,Weber,49057,271926,9.0,34.7,11.3,9.1,13.8,POINT (-111.913187387569 41.2700312453888)
WA,Washington,Whitman,53075,48012,7.4,28.5,8.0,10.1,,POINT (-117.523095476628 46.9012290403856)
KS,Kansas,Norton,20137,5330,12.7,42.7,10.7,17.4,14.2,POINT (-99.9028494592187 39.7844810595208)
MS,Mississippi,Adams,28001,28746,20.6,41.2,15.2,20.2,31.1,POINT (-91.3533573762559 31.4821297910114)
AL,Alabama,Sumter,1119,11727,19.7,47.2,11.1,16.3,32.0,POINT (-88.1991356439475 32.5909755138009)
AR,Arkansas,Calhoun,5013,4641,14.6,39.2,10.2,16.0,17.0,POINT (-92.5029413111612 33.5580587155721)
NJ,New Jersey,Union,34039,572726,11.6,29.7,15.0,11.4,17.3,POINT (-74.3081933378035 40.6599800636579)
NE,Nebraska,Hooker,31091,679,13.3,39.7,8.3,14.6,11.1,POINT (-101.135429269062 41.9158624344569)
SD,South Dakota,Jackson,46071,2776,18.6,40.9,13.9,28.5,,POINT (-101.628319918733 43.6942696565239)
TX,Texas,Real,48385,2854,18.3,38.1,18.3,16.4,,POINT (-99.8220072402016 29.831458200288)
NC,North Carolina,Pitt,37147,175119,12.0,39.0,10.2,13.8,18.3,POINT (-77.374678818702 35.5934498276118)
MO,Missouri,Franklin,29071,106404,12.2,39.6,8.1,16.4,11.4,POINT (-91.0749187690353 38.4109187921917)
VT,Vermont,Rutland,50021,60271,10.3,35.5,6.6,12.9,,POINT (-73.0366949243181 43.5802475413098)
LA,Louisiana,Calcasieu,22019,203761,14.2,43.0,8.3,17.1,19.9,POINT (-93.3580834138664 30.2293955224679)
CO,Colorado,Las Animas,8071,14348,13.7,32.5,16.8,13.7,,POINT (-104.038483644845 37.3157419323051)
CA,California,Lassen,6035,28861,11.5,34.2,12.0,15.9,19.4,POINT (-120.594352001291 40.6734626858289)
TX,Texas,Morris,48343,12066,15.9,39.0,14.7,16.7,,POINT (-94.7328145015315 33.1134773073817)
WA,Washington,Clark,53011,521150,9.6,35.3,8.0,11.0,,POINT (-122.48211877913 45.7789949845331)
MI,Michigan,Emmet,26047,34123,11.5,32.7,5.3,12.8,10.0,POINT (-84.8899552327886 45.5197272377551)
MA,Massachusetts,Hampshire,25015,162502,8.2,22.2,4.2,9.7,10.0,POINT (-72.6630607344035 42.34025166646)
GA,Georgia,Wilkes,13317,9518,18.9,40.6,15.1,17.8,23.0,POINT (-82.7437664263874 33.782133170124)
MO,Missouri,Audrain,29007,24394,14.1,40.0,10.0,20.2,16.9,POINT (-91.8416751879815 39.2156646217742)
VA,Virginia,Arlington,51013,234162,8.0,25.3,6.4,7.0,7.3,POINT (-77.101156756563 38.8785750063228)
CO,Colorado,Custer,8027,5534,12.4,26.6,7.6,12.2,,POINT (-105.367401067627 38.1086576046289)
OK,Oklahoma,Alfalfa,40003,5673,13.5,40.6,11.2,17.9,15.7,POINT (-98.3236264385792 36.7310186349503)
AL,Alabama,Etowah,1055,103241,16.3,43.8,10.8,17.8,19.7,POINT (-86.0349319631417 34.0451449448922)
GA,Georgia,Chatham,13051,303655,13.1,33.0,12.4,13.3,17.6,POINT (-81.1324941916333 32.0044135152861)
IL,Illinois,Kane,17089,514982,11.5,35.1,11.6,11.0,14.3,POINT (-88.4286530053985 41.9388449043496)
MS,Mississippi,Holmes,28051,15777,23.3,50.7,15.6,22.4,41.6,POINT (-90.0916047418867 33.123237616145)
OK,Oklahoma,Harmon,40057,2392,17.0,42.4,16.7,17.8,24.0,POINT (-99.8462507485967 34.7440546602759)
AK,Alaska,Bristol Bay,2060,844,11.3,34.9,9.7,16.5,13.9,POINT (-156.700132487576 58.7440261738219)
GA,Georgia,Bacon,13005,11124,14.9,36.9,15.7,18.8,20.8,POINT (-82.4524072121804 31.5537937122315)
LA,Louisiana,Jackson,22049,14746,17.7,44.9,9.8,20.6,25.2,POINT (-92.5578529805533 32.3020869498854)
MO,Missouri,Cass,29037,111732,11.5,38.0,8.0,14.9,10.7,POINT (-94.3549892185176 38.6468597485466)
AL,Alabama,Clarke,1025,22337,18.4,43.9,11.0,17.7,25.8,POINT (-87.8308687688628 31.6768474292414)
OK,Oklahoma,Pittsburg,40121,43479,14.3,40.1,11.2,19.2,20.0,POINT (-95.7484483900286 34.9238785325748)
NJ,New Jersey,Mercer,34021,381671,11.1,25.4,11.4,10.5,15.2,POINT (-74.7023323173661 40.2835018364703)
WV,West Virginia,Monongalia,54061,107718,10.8,31.9,7.1,13.9,12.9,POINT (-80.0460523363022 39.630272026213)
NE,Nebraska,Cedar,31027,8262,11.3,40.2,7.5,12.5,9.5,POINT (-97.2523825573768 42.5991908154162)
GA,Georgia,Floyd,13115,100113,14.1,37.3,14.8,16.0,18.4,POINT (-85.213993756054 34.263196511633)
KS,Kansas,Kearny,20093,3823,12.9,37.6,16.5,15.7,17.1,POINT (-101.320392299611 38.0002497291465)
WI,Wisconsin,Winnebago,55139,171735,11.2,40.0,7.7,14.2,11.0,POINT (-88.6446943692825 44.0689256622657)
FL,Florida,Suwannee,12121,46130,15.0,38.3,16.2,17.9,,POINT (-82.9914794385167 30.1954182571874)
AL,Alabama,Pike,1109,33137,14.1,40.3,10.3,14.9,23.7,POINT (-85.9407627085231 31.8027535253528)
OR,Oregon,Gilliam,41021,2026,14.8,35.4,9.1,14.8,,POINT (-120.211219946711 45.3782057221494)
ID,Idaho,Elmore,16039,29724,10.4,34.2,13.6,13.8,16.5,POINT (-115.469239162231 43.3536731193916)
WY,Wyoming,Carbon,56007,14334,12.9,38.6,14.7,15.6,,POINT (-106.930366354279 41.6947787709999)
ND,North Dakota,Renville,38075,2279,11.1,39.0,7.0,14.1,9.8,POINT (-101.657740690503 48.7189833079028)
SC,South Carolina,Calhoun,45017,14186,17.3,40.7,11.6,14.1,19.6,POINT (-80.7814717869685 33.6751078157206)
NE,Nebraska,Keya Paha,31103,805,14.2,36.6,8.9,13.9,11.0,POINT (-99.7121324494875 42.8788332283108)
CT,Connecticut,Northeastern Connecticut,9150,96692,10.3,33.3,7.6,13.2,12.2,POINT (-71.977031834417 41.8270602334583)
WI,Wisconsin,Bayfield,55007,16769,13.9,39.1,6.2,13.3,9.8,POINT (-91.2010356987304 46.5234101375636)
VA,Virginia,Prince Edward,51147,22049,13.5,37.2,10.2,14.6,19.3,POINT (-78.4412218384049 37.2241363458468)
MI,Michigan,Kalamazoo,26077,262215,9.7,37.4,6.4,12.9,14.0,POINT (-85.5312062397091 42.2454777991442)
MN,Minnesota,Otter Tail,27111,60626,12.1,34.3,7.5,15.3,10.9,POINT (-95.7078793654923 46.4088832943757)
WI,Wisconsin,Kenosha,55059,167488,11.4,40.1,9.4,14.5,12.9,POINT (-88.0420010334725 42.5767151176665)
MI,Michigan,Van Buren,26159,75798,13.5,39.4,8.7,16.4,16.4,POINT (-86.0189849173551 42.2513302193459)
IL,Illinois,Coles,17029,46060,11.4,37.7,8.2,14.8,15.2,POINT (-88.2217255465441 39.5203156135234)
IN,Indiana,Wayne,18177,66127,14.7,37.9,9.0,19.1,16.7,POINT (-85.0099470794164 39.8643259685154)
AR,Arkansas,Izard,5065,14169,15.9,41.2,11.8,19.8,19.6,POINT (-91.9133749044468 36.0947862703415)
TX,Texas,Stephens,48429,9343,13.8,36.3,18.4,15.6,,POINT (-98.8363206404331 32.7356283436368)
IN,Indiana,Dearborn,18029,51215,12.4,35.8,7.1,16.3,10.8,POINT (-84.9732604057513 39.1452474357502)
NY,New York,Orange,36071,407470,11.2,32.2,8.6,12.0,16.3,POINT (-74.3057809751328 41.4020305314041)
GA,Georgia,Paulding,13223,183164,11.6,38.4,11.5,12.7,14.4,POINT (-84.8673497628698 33.9202190226087)
MT,Montana,Phillips,30071,4249,12.0,38.8,9.3,15.1,12.3,POINT (-107.913858929486 48.2595346646896)
VA,Virginia,Manassas,51683,42696,12.0,35.8,15.3,12.0,16.3,POINT (-77.4858696621764 38.7460305187205)
WV,West Virginia,Fayette,54019,39072,17.9,40.5,9.2,21.7,17.6,POINT (-81.08077484784 38.0286989649594)
NE,Nebraska,Saunders,31155,23463,10.5,39.3,7.2,12.8,9.3,POINT (-96.637269187497 41.2262451114661)
MI,Michigan,Baraga,26013,8310,14.5,40.3,7.9,18.6,18.6,POINT (-88.3656415192921 46.6623658055755)
ND,North Dakota,Bowman,38011,2867,11.4,36.3,7.9,13.6,9.9,POINT (-103.520447958008 46.1126064758621)
MN,Minnesota,Cottonwood,27033,11319,13.1,39.2,10.2,15.8,14.1,POINT (-95.1811979875196 44.0071442120805)
AL,Alabama,Monroe,1099,19229,19.7,43.8,12.1,19.7,27.7,POINT (-87.3654708804686 31.570816777416)
TN,Tennessee,Claiborne,47025,32654,15.0,42.3,12.4,20.9,,POINT (-83.6607122651214 36.485879907484)
TX,Texas,Walker,48471,81268,13.3,39.3,18.1,16.2,,POINT (-95.5722593937915 30.7386213427697)
TX,Texas,Upshur,48459,43281,13.9,37.6,14.1,16.6,,POINT (-94.941027062863 32.7365155244404)
GA,Georgia,Jackson,13157,88615,11.6,33.0,12.9,14.6,14.3,POINT (-83.5667016033368 34.1340446581635)
OH,Ohio,Champaign,39021,38845,12.7,43.2,7.6,16.4,11.9,POINT (-83.7695338263695 40.1377112794664)
FL,Florida,Dixie,12029,17465,16.1,34.7,16.2,20.0,,POINT (-83.1587103063714 29.6080635127126)
TX,Texas,Panola,48365,22838,13.8,37.4,13.9,15.6,,POINT (-94.305588373275 32.1624000860358)
OK,Oklahoma,Jefferson,40067,5347,16.3,41.2,13.0,20.9,22.0,POINT (-97.8360732655638 34.1106274427473)
NV,Nevada,Carson City,32510,58036,12.1,33.1,12.9,14.4,15.3,POINT (-119.747365240119 39.1512170685108)
CA,California,Stanislaus,6099,551430,11.9,36.4,14.0,13.4,21.1,POINT (-120.997769063577 37.5591258572026)
TN,Tennessee,Giles,47055,30721,15.4,39.8,11.8,19.5,,POINT (-87.0345603715806 35.2019300630464)
NC,North Carolina,Avery,37011,17561,12.9,37.1,10.8,15.8,13.9,POINT (-81.9225713884377 36.0766997215744)
KS,Kansas,Franklin,20059,26125,11.5,40.3,8.8,16.1,11.9,POINT (-95.2859733704337 38.5644034171056)
TX,Texas,Carson,48065,5878,11.7,34.0,11.5,13.1,,POINT (-101.354227201503 35.4035188454549)
IA,Iowa,Carroll,19027,20522,12.0,39.7,6.9,15.2,11.1,POINT (-94.8604844719418 42.0361851718528)
AR,Arkansas,Union,5139,37397,16.0,39.4,11.4,17.6,22.3,POINT (-92.5973698311478 33.1712847934414)
SD,South Dakota,Turner,46125,9027,11.8,34.0,8.3,15.0,,POINT (-97.1487446304815 43.3109195465038)
MI,Michigan,Gladwin,26051,25853,15.0,40.6,7.2,18.2,15.5,POINT (-84.3883476679663 43.9906644409479)
IN,Indiana,Boone,18011,76120,10.5,32.9,5.9,11.6,8.9,POINT (-86.4687008265173 40.0508624589323)
WI,Wisconsin,Oneida,55085,38226,13.8,35.2,6.5,14.1,9.7,POINT (-89.5218417475047 45.7055064731892)
MS,Mississippi,Scott,28123,27507,18.3,43.4,16.5,20.6,29.7,POINT (-89.537764935984 32.4066152666052)
TN,Tennessee,Jefferson,47089,57838,13.6,37.3,11.1,18.1,,POINT (-83.4467028415514 36.05086022055)
KS,Kansas,Marion,20115,11690,12.2,38.7,8.4,15.0,11.2,POINT (-97.0970463098724 38.3590216150399)
MT,Montana,Powell,30077,7133,11.3,35.8,11.2,16.9,13.3,POINT (-112.936298354733 46.8565994414636)
MA,Massachusetts,Franklin,25011,70836,10.8,26.3,4.7,12.8,11.0,POINT (-72.5917508209882 42.583226696317)
TX,Texas,Cooke,48097,43782,13.0,36.1,15.2,14.5,,POINT (-97.2125058792431 33.6394026274066)
OK,Oklahoma,Comanche,40031,121574,12.8,43.0,12.1,17.6,21.2,POINT (-98.4716775335911 34.6621575837988)
SC,South Carolina,Saluda,45081,19123,16.8,43.6,16.1,15.9,21.5,POINT (-81.7266181093402 34.0062238392949)
SC,South Carolina,Aiken,45003,177130,13.9,34.4,11.8,13.4,16.4,POINT (-81.6346441307113 33.5443374683199)
MN,Minnesota,Lincoln,27081,5521,12.0,36.6,7.7,15.0,11.0,POINT (-96.2671724057144 44.4124362531334)
FL,Florida,Holmes,12059,19944,14.5,36.3,15.1,19.2,,POINT (-85.8140150573272 30.8679836113021)
NE,Nebraska,Cuming,31039,8918,12.1,40.4,10.1,13.5,12.1,POINT (-96.7873443172447 41.9163605568558)
GA,Georgia,Webster,13307,2337,21.0,42.2,14.6,18.5,25.1,POINT (-84.5496149265342 32.0471175973242)
AK,Alaska,Nome,2180,9763,13.0,38.6,13.5,28.7,32.3,POINT (-164.033919932189 64.9109901665876)
AR,Arkansas,Monroe,5095,6512,19.1,43.5,12.3,19.1,25.4,POINT (-91.2039164853539 34.6778463256655)
IL,Illinois,Pope,17151,3707,14.9,39.6,7.1,15.0,12.5,POINT (-88.5615481821764 37.4125961157653)
TN,Tennessee,Stewart,47161,14222,14.0,38.1,10.9,18.7,,POINT (-87.8381444048975 36.5016727803676)
IN,Indiana,Pulaski,18131,12385,14.5,38.7,8.9,18.3,14.3,POINT (-86.6987353945278 41.0417882461635)
KS,Kansas,Sheridan,20179,2423,11.8,34.0,7.8,13.7,9.6,POINT (-100.441825865543 39.3501816058201)
IL,Illinois,Carroll,17015,15526,13.3,38.8,9.1,15.3,14.2,POINT (-89.9343026396068 42.0685587636112)
ME,Maine,York,23031,218586,10.4,33.1,7.3,13.4,9.0,POINT (-70.714261699275 43.4783427124924)
SC,South Carolina,Lancaster,45057,108215,14.1,36.1,11.4,12.6,15.8,POINT (-80.7059247388168 34.6870683230916)
OH,Ohio,Henry,39069,27520,13.1,38.6,8.5,15.8,12.3,POINT (-84.0682769490792 41.3339046653253)
SC,South Carolina,Union,45087,26629,19.1,44.0,14.8,19.2,26.3,POINT (-81.618996702371 34.6903673806901)
WI,Wisconsin,Rock,55105,164278,12.3,41.9,8.8,14.7,12.7,POINT (-89.0714240953801 42.6712511057737)
TN,Tennessee,Weakley,47183,33084,13.9,39.1,12.3,19.0,,POINT (-88.7178150533076 36.2982021322269)
CA,California,Alameda,6001,1622188,11.0,22.8,7.1,9.3,13.9,POINT (-121.888566503138 37.6463311425304)
MD,Maryland,Montgomery,24031,1058474,10.8,26.1,8.7,7.2,12.0,POINT (-77.2047730488674 39.1362604928732)
TX,Texas,Robertson,48395,17267,15.4,37.9,17.4,15.7,,POINT (-96.5126964994334 31.0266481378576)
OH,Ohio,Shelby,39149,47765,13.3,39.6,8.0,17.0,13.1,POINT (-84.2045776565192 40.3315252576962)
KS,Kansas,Cherokee,20021,19054,13.4,43.8,9.5,18.9,15.3,POINT (-94.8462023880387 37.1693093631989)
GA,Georgia,Butts,13035,26887,13.8,38.2,14.5,17.4,19.8,POINT (-83.9566698417537 33.2871632593122)
TX,Texas,McMullen,48311,568,17.8,38.6,22.3,15.9,,POINT (-98.5676352310772 28.3526449374516)
AR,Arkansas,Randolph,5121,18907,14.7,41.4,11.7,20.0,20.0,POINT (-91.027601124923 36.3412861990406)
IA,Iowa,Hancock,19081,10615,12.6,42.2,7.5,15.5,11.5,POINT (-93.7343499073562 43.0818360710642)
AR,Arkansas,Ashley,5003,18262,18.3,45.1,12.9,20.0,24.8,POINT (-91.7684677225088 33.1912395259672)
IL,Illinois,Schuyler,17169,6733,14.4,40.4,8.7,17.2,15.6,POINT (-90.6156157284893 40.1578013814865)
TX,Texas,Bell,48027,393193,12.6,43.2,16.2,13.3,,POINT (-97.4786872418696 31.0373016000356)
NY,New York,Kings,36047,2561225,12.0,25.1,8.9,12.1,23.4,POINT (-73.9387324483995 40.6395174918373)
MS,Mississippi,Bolivar,28011,28968,20.5,46.5,13.7,19.8,33.4,POINT (-90.8805163159369 33.7970211269525)
MI,Michigan,Macomb,26099,875101,11.4,37.5,6.5,15.2,15.1,POINT (-82.9322750277033 42.695884588644)
TN,Tennessee,Lauderdale,47097,24610,17.2,47.2,15.2,23.4,,POINT (-89.6304821816215 35.7604312317412)
CA,California,Riverside,6065,2492442,12.4,36.8,12.7,11.5,20.4,POINT (-115.994764890688 33.7437710409515)
OK,Oklahoma,Creek,40037,73332,13.4,39.8,10.1,18.4,17.2,POINT (-96.3708202661878 35.9025321078939)
TX,Texas,Irion,48235,1549,13.4,35.1,14.5,12.8,,POINT (-100.982444582177 31.3037547121267)
OR,Oregon,Lane,41039,381181,10.8,34.3,8.1,12.2,,POINT (-122.847628020787 43.9385513109885)
OH,Ohio,Jackson,39079,32606,14.9,44.9,9.1,20.1,16.3,POINT (-82.6182154386703 39.019742017525)
CO,Colorado,Jackson,8057,1309,13.9,30.0,13.0,16.9,,POINT (-106.3432000444 40.6666752317322)
OR,Oregon,Columbia,41009,53880,12.1,33.5,8.1,14.3,,POINT (-123.088290084519 45.9437953031149)
SD,South Dakota,Dewey,46041,5208,18.0,43.6,13.4,29.5,,POINT (-100.87173450136 45.1566039411304)
TX,Texas,Hardin,48199,58261,12.4,34.0,12.6,15.6,,POINT (-94.3903008121977 30.3323844074931)
SD,South Dakota,Pennington,46103,115903,12.1,33.7,8.5,15.0,,POINT (-102.823909570925 44.0038768351285)
NC,North Carolina,Alleghany,37005,11342,16.0,36.5,12.4,17.2,16.4,POINT (-81.1272787621881 36.4916227409052)
TN,Tennessee,Moore,47127,6748,14.7,38.8,11.0,18.8,,POINT (-86.3576866745912 35.2848060919362)
WA,Washington,Thurston,53067,299003,10.3,31.2,7.3,10.2,,POINT (-122.833335161876 46.9270093814348)
IN,Indiana,Warren,18171,8518,14.1,41.6,7.9,17.4,12.8,POINT (-87.3534829538668 40.346975973543)
WV,West Virginia,Taylor,54091,16388,15.9,42.0,9.0,20.5,16.1,POINT (-80.0461761884184 39.3359329202319)
TX,Texas,Houston,48225,22066,16.8,38.2,17.9,17.9,,POINT (-95.423014721368 31.3177915208724)
SD,South Dakota,Sully,46119,1494,12.5,34.7,7.7,13.7,,POINT (-100.132205430903 44.7153191297271)
LA,Louisiana,Ascension,22005,131632,12.2,35.5,7.9,15.4,17.1,POINT (-90.9107437898209 30.2037735044567)
MO,Missouri,Reynolds,29179,5950,15.9,41.2,10.7,21.8,17.4,POINT (-90.9691331019274 37.3624352764614)
NM,New Mexico,Grant,35017,27472,15.9,32.8,15.7,12.7,19.2,POINT (-108.382402993198 32.7387900017059)
GA,Georgia,Clayton,13063,298300,16.2,45.2,16.8,16.0,30.8,POINT (-84.3578579480575 33.5414016249358)
TX,Texas,Yoakum,48501,7468,13.5,37.6,27.1,12.9,,POINT (-102.827847615749 33.1729636761702)
AK,Alaska,Ketchikan Gateway,2130,13738,10.1,37.7,9.5,15.9,13.0,POINT (-130.936350933263 55.586579401666)
MO,Missouri,Grundy,29079,9815,14.3,39.0,10.2,19.4,15.6,POINT (-93.5654242351413 40.1140355084448)
VA,Virginia,Stafford,51179,165428,10.7,35.7,8.8,11.0,11.7,POINT (-77.4580490606471 38.4207122751042)
IN,Indiana,Jay,18075,20032,15.0,43.6,10.0,20.2,16.7,POINT (-85.0057727309693 40.4379561738952)
MN,Minnesota,Kandiyohi,27067,43813,12.3,40.6,10.0,14.4,13.1,POINT (-95.004346848332 45.1525013976106)
OH,Ohio,Meigs,39105,21767,17.3,44.5,9.6,22.5,18.7,POINT (-82.0228709814014 39.082287647052)
FL,Florida,St. Lucie,12111,373586,14.5,31.5,16.0,13.5,,POINT (-80.4710598919163 27.3776983118629)
MO,Missouri,Sullivan,29211,5797,15.1,40.1,13.2,18.7,17.2,POINT (-93.1116698405208 40.2106825508381)
KS,Kansas,Washington,20201,5504,11.9,34.0,8.3,14.9,11.2,POINT (-97.087472668315 39.7841812438659)
NC,North Carolina,Halifax,37083,47298,19.4,42.6,13.6,19.8,29.1,POINT (-77.6516450517141 36.257829844498)
WA,Washington,Asotin,53003,22549,12.6,35.3,8.1,13.3,,POINT (-117.202739194993 46.1918585516547)
MO,Missouri,Benton,29015,20552,16.7,38.9,9.2,19.3,13.9,POINT (-93.2881839487077 38.2948386228641)
MT,Montana,Broadwater,30007,8032,10.4,30.7,9.2,13.9,10.3,POINT (-111.495701602811 46.3326963010293)
CA,California,Santa Cruz,6087,261547,10.2,25.8,8.7,10.0,13.5,POINT (-122.001404413399 37.0558255524564)
WI,Wisconsin,Shawano,55115,41109,12.9,40.4,8.1,16.7,13.1,POINT (-88.7652050438409 44.789005418413)
MO,Missouri,Linn,29115,11791,13.5,35.7,9.6,18.8,14.4,POINT (-93.1068666682124 39.870469692524)
FL,Florida,Marion,12083,409959,14.9,36.4,15.6,14.8,,POINT (-82.0568004029667 29.210259767236)
GA,Georgia,Glynn,13127,86172,15.3,35.1,12.5,14.4,16.3,POINT (-81.539531176268 31.2308510168338)
AK,Alaska,Fairbanks North Star,2090,94840,7.9,35.3,9.9,13.8,11.3,POINT (-146.565627734256 64.8075316814407)
ID,Idaho,Caribou,16029,7219,10.5,34.8,9.9,13.6,12.1,POINT (-111.562180546814 42.7704958174665)
AL,Alabama,Calhoun,1015,116429,14.8,38.6,10.6,16.3,20.5,POINT (-85.8257674379293 33.7714931264898)
NE,Nebraska,Pawnee,31133,2512,14.4,37.5,9.6,15.7,13.1,POINT (-96.2370098185336 40.1313900367221)
TX,Texas,Leon,48289,16538,15.3,36.2,15.7,15.9,,POINT (-95.996210580884 31.2960691396315)
LA,Louisiana,LaSalle,22059,14800,13.1,38.6,11.3,18.6,20.6,POINT (-92.1603721842507 31.677291731354)
CO,Colorado,Adams,8001,533365,9.7,33.2,17.2,13.4,,POINT (-104.338130186949 39.8735915076236)
OH,Ohio,Sandusky,39143,58709,14.4,40.7,9.2,16.6,13.9,POINT (-83.1440024541005 41.3573025435739)
VA,Virginia,Charles City,51036,6610,19.4,42.1,9.5,16.6,19.1,POINT (-77.0615761262745 37.3563750255045)
NH,New Hampshire,Hillsborough,33011,427354,9.2,33.1,7.4,10.7,9.9,POINT (-71.716084725208 42.9152741767087)
VA,Virginia,Portsmouth,51740,96793,15.8,40.8,10.9,16.4,22.6,POINT (-76.3542600357069 36.846673287269)
IN,Indiana,Jefferson,18077,33056,13.5,36.6,8.4,17.2,13.8,POINT (-85.4384424424472 38.785587057779)
DE,Delaware,Kent,10001,189789,14.3,43.5,9.5,13.5,15.9,POINT (-75.5682629704417 39.0863622587062)
VA,Virginia,Richmond,51760,229247,12.9,37.7,10.0,14.2,18.4,POINT (-77.4750843205615 37.5297607076943)
GA,Georgia,Richmond,13245,205414,16.7,36.6,14.5,16.2,25.7,POINT (-82.0744462571572 33.3599418331668)
IA,Iowa,Wapello,19179,35166,13.5,41.7,10.0,18.0,16.1,POINT (-92.4094863136049 41.0305745817301)
AL,Alabama,Lawrence,1079,33502,15.5,39.5,10.5,18.5,19.7,POINT (-87.3108851040374 34.5216735395968)
IL,Illinois,Livingston,17105,35320,12.2,35.9,8.8,15.3,14.5,POINT (-88.557798858116 40.891509557855)
NM,New Mexico,Colfax,35007,12255,15.5,31.5,15.8,13.2,18.7,POINT (-104.647040274355 36.6061708190588)
GA,Georgia,Dooly,13093,10981,18.3,41.0,16.9,18.1,24.8,POINT (-83.7999701785629 32.1567057518335)
VA,Virginia,Gloucester,51073,40057,12.8,35.8,7.8,13.5,10.5,POINT (-76.5413640044154 37.4139464611437)
UT,Utah,Utah,49049,719174,6.9,29.7,9.6,6.4,10.6,POINT (-111.670385454352 40.1199624151534)
WY,Wyoming,Sweetwater,56037,41249,11.1,36.3,14.1,16.1,,POINT (-108.879886957441 41.6596981373813)
AZ,Arizona,Cochise,4003,124640,13.7,31.2,14.2,12.8,16.7,POINT (-109.751384831901 31.8794588523568)
IL,Illinois,De Witt,17039,15365,12.2,38.2,7.7,15.3,13.1,POINT (-88.9040275161832 40.1744958647013)
CO,Colorado,Sedgwick,8115,2299,13.0,28.0,12.0,13.6,,POINT (-102.351880623144 40.875947900556)
LA,Louisiana,Bossier,22015,129795,13.2,40.9,8.1,16.1,18.9,POINT (-93.6050039647376 32.6782932763096)
SD,South Dakota,Corson,46031,3782,19.9,43.5,14.0,29.6,,POINT (-101.196751963595 45.7085259679072)
CO,Colorado,Gunnison,8051,17321,7.1,23.8,7.4,9.6,,POINT (-107.03172655628 38.6668662172011)
NE,Nebraska,Garden,31069,1794,15.5,40.2,9.2,15.9,13.1,POINT (-102.335295783611 41.619180104333)
WI,Wisconsin,Florence,55037,4682,14.3,37.5,6.9,14.5,10.1,POINT (-88.3981441305507 45.8481650102797)
VA,Virginia,Richmond,51159,9184,15.1,37.1,12.5,17.3,18.3,POINT (-76.7266634216002 37.943498693186)
CA,California,Mariposa,6043,16919,13.5,30.5,7.3,12.6,13.0,POINT (-119.905412294091 37.5815463688348)
MO,Missouri,Ralls,29173,10489,14.1,40.1,8.8,18.9,13.3,POINT (-91.5219760700584 39.5274844407114)
IL,Illinois,Bond,17005,16450,11.6,39.0,8.8,15.1,15.2,POINT (-89.4355909088305 38.8866364399697)
VA,Virginia,Lancaster,51103,10859,18.1,35.1,8.3,13.4,13.8,POINT (-76.4620464795714 37.7322391762494)
MN,Minnesota,Pope,27121,11400,12.2,38.9,7.2,14.6,10.3,POINT (-95.4447230949317 45.5860031286512)
MS,Mississippi,Lamar,28073,66217,12.4,38.7,9.5,14.8,15.8,POINT (-89.5086574664703 31.2059307396104)
OK,Oklahoma,Roger Mills,40129,3295,14.6,40.3,10.0,17.4,16.5,POINT (-99.6959628680842 35.6881644912023)
NC,North Carolina,Robeson,37155,117365,18.4,47.9,16.2,22.5,30.3,POINT (-79.1037511522453 34.6404234382968)
MI,Michigan,St. Joseph,26149,60878,12.8,38.3,8.8,17.4,16.0,POINT (-85.5278267178737 41.9144154834446)
IA,Iowa,Page,19145,15014,13.6,42.9,8.3,18.0,14.0,POINT (-95.1500518279201 40.7391588094589)
OH,Ohio,Delaware,39041,231636,10.1,31.5,5.0,10.1,7.5,POINT (-83.0048346779207 40.2784353342342)
LA,Louisiana,West Baton Rouge,22121,28266,14.0,41.6,8.0,16.2,20.9,POINT (-91.3130904166615 30.4630295016015)
KS,Kansas,Allen,20001,12412,12.5,37.4,9.1,16.5,13.4,POINT (-95.3017112327545 37.8857027458086)
NE,Nebraska,Butler,31023,8459,11.3,38.6,8.8,14.1,10.8,POINT (-97.1317081186988 41.2259312239068)
OK,Oklahoma,Marshall,40095,15970,15.7,39.4,13.6,18.7,20.6,POINT (-96.7690086748236 34.0247191513108)
GA,Georgia,Liberty,13179,69210,11.6,32.3,15.4,14.3,21.8,POINT (-81.494986581225 31.8278487511585)
VA,Virginia,Amelia,51007,13480,16.6,39.3,10.3,17.7,17.0,POINT (-77.9759628312432 37.3361814940473)
IA,Iowa,Clay,19041,16511,12.3,35.2,6.9,15.3,11.1,POINT (-95.1511161069588 43.0825667543454)
OK,Oklahoma,Murray,40099,13754,14.3,41.4,11.0,17.9,18.0,POINT (-97.068009831501 34.4823513481281)
FL,Florida,Walton,12131,86354,12.3,30.1,11.4,13.8,,POINT (-86.1700115892453 30.6435330644625)
NY,New York,Schoharie,36095,30105,11.3,32.4,5.9,13.4,12.2,POINT (-74.4422354961966 42.5883781186762)
MS,Mississippi,Tate,28137,28261,14.2,36.1,11.1,16.4,20.1,POINT (-89.9448401097213 34.6503608082089)
GA,Georgia,Muscogee,13215,201877,15.0,40.3,14.2,15.1,22.0,POINT (-84.8762682758584 32.5102647759575)
ND,North Dakota,Pembina,38067,6661,12.8,41.9,8.0,14.7,10.9,POINT (-97.5515587492834 48.7673003876886)
VT,Vermont,Franklin,50011,50994,9.6,36.9,6.8,13.0,,POINT (-72.9129000779393 44.8578721029832)
TX,Texas,Hidalgo,48215,898471,17.4,44.2,37.4,13.3,,POINT (-98.1813849534075 26.3966846914573)
IL,Illinois,Hardin,17069,3569,14.7,39.7,8.4,16.9,14.8,POINT (-88.2668025102845 37.5180553242389)
TX,Texas,Swisher,48437,6955,16.6,40.5,26.5,17.6,,POINT (-101.734988026713 34.5302899280376)
IN,Indiana,Owen,18119,21532,14.5,41.7,8.4,18.5,14.4,POINT (-86.8374277565603 39.3128490832372)
MN,Minnesota,Freeborn,27047,30515,12.9,36.0,9.8,16.1,13.4,POINT (-93.3488503295151 43.673820790937)
TX,Texas,Freestone,48161,20441,14.7,38.2,16.1,16.0,,POINT (-96.1492579054963 31.7049953247855)
TX,Texas,Gillespie,48171,27733,13.6,32.8,13.7,11.1,,POINT (-98.946450602628 30.3181707100449)
WV,West Virginia,Ohio,54069,41194,15.0,39.5,7.4,16.3,13.2,POINT (-80.6191280922939 40.0974423829071)
FL,Florida,Hardee,12049,25760,15.6,39.9,26.1,17.6,,POINT (-81.8099656797384 27.4926635095536)
WY,Wyoming,Niobrara,56027,2354,13.0,36.3,11.6,16.1,,POINT (-104.475677641739 43.0562528774242)
IA,Iowa,Monroe,19135,7504,11.7,38.2,6.6,15.5,10.8,POINT (-92.8690276978932 41.0298685379331)
FL,Florida,Okaloosa,12091,218464,10.8,30.7,11.7,12.8,,POINT (-86.5919018682845 30.6909149618642)
WI,Wisconsin,Calumet,55015,53199,10.3,33.3,7.0,12.9,9.5,POINT (-88.2179997574627 44.0816801745142)
MO,Missouri,Newton,29145,60677,13.4,38.8,10.0,17.9,15.0,POINT (-94.3392953499756 36.9055482727206)
HI,Hawaii,Maui,15009,164183,12.2,26.2,6.3,13.2,17.1,POINT (-156.569577037122 20.8642990358875)
RI,Rhode Island,Kent,44003,171278,11.8,33.0,6.3,12.7,11.1,POINT (-71.5930762695537 41.6719596394176)
OH,Ohio,Wayne,39169,116510,12.9,37.5,8.5,16.3,13.0,POINT (-81.8879430008873 40.828860440969)
GA,Georgia,Walton,13297,106702,13.0,38.3,12.9,14.9,16.7,POINT (-83.7338810944706 33.7813254964218)
SC,South Carolina,Horry,45051,397478,14.9,32.3,11.9,14.6,14.8,POINT (-78.9968620963188 33.9211059885984)
TX,Texas,Harris,48201,4835125,13.2,37.3,21.3,12.7,,POINT (-95.393015286316 29.8574661549995)
IA,Iowa,Davis,19051,9169,12.0,37.5,8.8,17.5,13.2,POINT (-92.4099557150409 40.7477090811249)
AZ,Arizona,La Paz,4012,16710,17.5,33.2,16.6,14.1,18.3,POINT (-113.98153747073 33.7292571142703)
IL,Illinois,Clay,17025,12999,13.9,41.5,9.0,17.8,16.6,POINT (-88.4904699657644 38.7544455588339)
OH,Ohio,Portage,39133,162665,11.8,32.9,7.1,14.5,12.0,POINT (-81.1973820342372 41.1676777891816)
WI,Wisconsin,Iron,55051,6228,14.8,34.7,6.9,14.8,10.5,POINT (-90.2421159937405 46.2623105163576)
FL,Florida,Baker,12003,28368,12.3,35.3,13.4,16.6,,POINT (-82.2845340594762 30.3311771777587)
MT,Montana,Mineral,30061,5090,12.8,36.0,9.7,15.0,12.4,POINT (-114.998287658228 47.1473312209822)
ND,North Dakota,Barnes,38003,10726,11.5,37.7,6.8,13.3,9.9,POINT (-98.0716472520206 46.9359126093315)
UT,Utah,Cache,49005,142393,7.8,27.9,9.7,8.1,12.1,POINT (-111.743483739653 41.7226445365922)
NM,New Mexico,San Juan,35045,120675,14.5,35.1,12.9,20.1,26.4,POINT (-108.320491882717 36.5085003747434)
NE,Nebraska,Saline,31151,14555,11.8,40.4,14.4,14.1,15.6,POINT (-97.1408508718416 40.5240864322705)
ID,Idaho,Twin Falls,16083,95156,11.0,33.3,13.0,13.3,14.7,POINT (-114.668371045529 42.3560015617514)
AR,Arkansas,Hempstead,5057,19343,16.6,45.6,14.2,17.7,24.4,POINT (-93.668219443281 33.7357081301166)
IA,Iowa,Bremer,19017,25307,9.9,37.6,5.8,13.2,9.1,POINT (-92.3180439106681 42.7746111390875)
NC,North Carolina,Catawba,37035,164645,12.1,37.4,10.9,14.7,14.3,POINT (-81.2149250535504 35.6622179779733)
CA,California,Monterey,6053,430723,12.5,31.1,15.9,11.9,21.9,POINT (-121.238518915104 36.2170334850568)
LA,Louisiana,St. John the Baptist,22095,39592,17.2,41.8,9.5,16.7,26.6,POINT (-90.4711427584368 30.1266220088096)
IN,Indiana,Greene,18055,31196,14.7,40.7,8.7,19.4,15.0,POINT (-86.9620535060412 39.0363946257394)
TN,Tennessee,Crockett,47033,13982,15.5,42.1,14.2,19.5,,POINT (-89.1400768323825 35.8133845571858)
IL,Illinois,Effingham,17049,34331,11.3,34.3,7.3,14.1,12.0,POINT (-88.5896155568299 39.0597062853535)
TX,Texas,Van Zandt,48467,64000,13.4,36.0,13.9,15.6,,POINT (-95.8365866293044 32.5635031932869)
AK,Alaska,Sitka,2220,8282,9.9,29.8,8.8,13.8,11.7,POINT (-135.315163429465 57.2335274122738)
CO,Colorado,Boulder,8013,326831,7.1,16.7,7.8,8.8,,POINT (-105.357934107429 40.0924397577047)
NY,New York,Oneida,36065,227555,11.5,36.1,6.7,14.2,14.8,POINT (-75.4355429992745 43.2418086648606)
GA,Georgia,McIntosh,13191,11501,20.4,40.7,14.9,19.2,23.2,POINT (-81.4070470668074 31.4952884892852)
IA,Iowa,Louisa,19115,10513,12.8,40.2,9.8,15.7,13.5,POINT (-91.259564555602 41.2184586340229)
IN,Indiana,Allen,18003,394545,12.9,39.4,8.9,14.4,14.9,POINT (-85.0665615439245 41.0909025820574)
GA,Georgia,Tattnall,13267,24296,16.0,40.7,18.7,20.2,26.0,POINT (-82.0580042364248 32.0458230000891)
AL,Alabama,Winston,1133,23611,16.5,39.1,11.7,19.6,19.9,POINT (-87.373658054727 34.1492657099146)
WV,West Virginia,Randolph,54083,27350,16.0,45.9,9.0,20.0,16.1,POINT (-79.8755574314552 38.7748244563628)
CA,California,Tulare,6107,479468,13.1,35.0,18.2,14.0,27.4,POINT (-118.800931923116 36.2202887082927)
SD,South Dakota,Mellette,46095,1851,21.1,45.6,14.6,30.2,,POINT (-100.759931647654 43.5813042658798)
VA,Virginia,Danville,51590,41837,19.9,41.7,12.4,19.1,27.4,POINT (-79.408939511926 36.5829267417419)
NY,New York,Chenango,36017,45920,12.3,36.3,6.4,15.3,14.8,POINT (-75.611354854502 42.4934138951932)
MN,Minnesota,Carver,27019,111057,8.5,32.0,5.8,11.3,8.1,POINT (-93.802266670394 44.8206518387179)
UT,Utah,Emery,49015,10144,11.2,30.6,9.8,11.0,12.7,POINT (-110.700321039407 38.9966080927448)
TX,Texas,Edwards,48137,1393,19.3,38.2,25.2,15.0,,POINT (-100.304658227238 29.9828253544507)
KS,Kansas,Bourbon,20011,14408,12.7,36.7,9.0,16.9,13.8,POINT (-94.8497424122093 37.8551496676803)
WV,West Virginia,Hampshire,54027,23649,16.9,39.2,8.5,20.3,14.7,POINT (-78.6141696083259 39.31731697234)
LA,Louisiana,Natchitoches,22069,36291,15.5,40.1,8.9,17.7,26.2,POINT (-93.096413178682 31.7236162764412)
KS,Kansas,Pottawatomie,20149,26382,9.7,35.8,7.7,13.6,9.6,POINT (-96.3425297074575 39.378849403529)
VA,Virginia,Louisa,51109,41037,14.1,36.7,8.6,14.9,13.1,POINT (-77.9628983761112 37.9790442986696)
IL,Illinois,Gallatin,17059,4670,14.6,40.8,8.7,17.4,15.6,POINT (-88.2304600206296 37.7624120431912)
KS,Kansas,Ellis,20051,28810,9.8,36.5,8.6,13.1,11.8,POINT (-99.317514905956 38.9146675466753)
MN,Minnesota,Hubbard,27057,22132,13.3,35.4,6.9,14.2,10.7,POINT (-94.9166044684452 47.1087450936448)
MO,Missouri,New Madrid,29143,15424,16.1,43.2,11.2,21.4,20.8,POINT (-89.6516052602351 36.5949077997842)
IN,Indiana,St. Joseph,18141,272848,12.9,35.3,9.0,14.9,15.4,POINT (-86.2899346956447 41.6166137389104)
TX,Texas,Bosque,48035,18996,14.3,35.9,14.7,14.2,,POINT (-97.6346241068678 31.9004093012352)
MS,Mississippi,Pontotoc,28115,31535,13.8,38.9,12.4,17.7,19.6,POINT (-89.0374143001363 34.2254190254887)
TX,Texas,Jefferson,48245,251496,15.6,41.3,18.9,16.1,,POINT (-94.1629669978283 29.8838681845397)
KS,Kansas,Linn,20107,9860,12.5,37.2,8.2,16.1,11.3,POINT (-94.8430719270276 38.2123289223855)
TX,Texas,Lamb,48279,12711,16.6,40.0,27.3,15.2,,POINT (-102.351704737313 34.0686552915887)
MI,Michigan,Muskegon,26121,176564,12.7,44.3,7.8,17.1,16.5,POINT (-86.1520477255994 43.2912349359125)
TX,Texas,Calhoun,48057,19696,14.7,34.8,22.0,13.0,,POINT (-96.6045764033046 28.5035343577971)
IL,Illinois,Peoria,17143,177513,12.6,34.8,8.0,13.8,15.8,POINT (-89.7600231425467 40.7880862751225)
AR,Arkansas,Madison,5087,17775,13.9,40.8,12.4,19.0,19.0,POINT (-93.7242584115005 36.0113363272212)
VA,Virginia,Fredericksburg,51630,28928,10.2,39.5,8.8,11.7,14.2,POINT (-77.4875497086418 38.2989044049253)
CA,California,Humboldt,6023,133985,11.4,31.3,7.5,14.2,16.5,POINT (-123.875674190259 40.6992051844633)
LA,Louisiana,West Feliciana,22125,15371,14.6,40.7,8.7,17.0,19.7,POINT (-91.4205739573873 30.8801699255259)
MN,Minnesota,Rice,27131,67948,10.1,37.5,8.7,13.9,12.6,POINT (-93.296716877709 44.3542411243463)
TN,Tennessee,Hamblen,47063,66216,15.2,40.5,14.9,20.9,,POINT (-83.2660220942289 36.216642157807)
WA,Washington,Lewis,53041,86154,12.1,39.0,9.4,14.4,,POINT (-122.39380108932 46.5776116518185)
AZ,Arizona,Pinal,4021,484239,12.9,38.4,13.7,12.3,17.1,POINT (-111.344793224721 32.9045145361574)
FL,Florida,Citrus,12017,166696,15.8,32.3,12.4,15.2,,POINT (-82.4772202477587 28.8485262076997)
SC,South Carolina,Chester,45023,32226,16.9,37.9,13.8,17.8,24.2,POINT (-81.1597045035657 34.6918859504696)
VA,Virginia,Clarke,51043,15466,12.2,32.8,7.4,11.7,9.0,POINT (-77.9967781314101 39.11268672754)
GA,Georgia,Heard,13149,12034,14.3,35.6,13.5,18.3,17.5,POINT (-85.12835200624 33.2968801808711)
KS,Kansas,Jackson,20085,13368,12.3,37.8,8.8,15.8,12.0,POINT (-95.7936987430142 39.4167647961796)
NC,North Carolina,Mitchell,37121,14999,12.8,37.2,9.3,14.6,11.7,POINT (-82.1631707071333 36.0134689001414)
TX,Texas,Polk,48373,54186,15.4,39.2,17.3,18.9,,POINT (-94.8297760829209 30.7927542489747)
VA,Virginia,Washington,51191,54050,13.8,38.3,8.0,14.8,11.2,POINT (-81.9597971939558 36.7245529476643)
NM,New Mexico,Sandoval,35043,155936,11.8,32.6,12.3,11.2,15.6,POINT (-106.86568903587 35.6887096281599)
TX,Texas,Crosby,48107,4917,17.1,40.5,27.2,15.9,,POINT (-101.300045578323 33.6145591482594)
NE,Nebraska,Furnas,31065,4556,13.5,44.4,9.5,14.9,12.6,POINT (-99.9124933288443 40.1764626253683)
KS,Kansas,Douglas,20045,120553,8.4,30.5,7.5,11.6,11.0,POINT (-95.2923657307524 38.8846878796519)
IL,Illinois,Stephenson,17177,43105,13.9,40.6,8.2,15.0,14.9,POINT (-89.6623732185214 42.3517284609712)
GA,Georgia,Taylor,13269,7758,20.2,42.4,16.9,21.7,28.5,POINT (-84.250830281123 32.5556469053066)
LA,Louisiana,Vermilion,22113,56992,15.0,42.8,9.2,20.2,21.7,POINT (-92.3242615961141 29.8459898151309)
TX,Texas,Wilson,48493,54183,13.1,35.3,17.5,12.4,,POINT (-98.0865459472406 29.1739878356162)
KS,Kansas,Stanton,20187,1901,14.7,39.5,19.2,16.3,20.6,POINT (-101.784271567578 37.5630485558189)
OH,Ohio,Hamilton,39061,827058,13.2,35.6,7.7,13.9,14.6,POINT (-84.542601023044 39.1955454321754)
SD,South Dakota,Roberts,46109,10206,16.3,43.0,10.4,20.3,,POINT (-96.946111589019 45.6297629386016)
MD,Maryland,Calvert,24009,94728,10.9,36.3,6.5,11.1,10.5,POINT (-76.569090863985 38.5440599982732)
AR,Arkansas,Cross,5037,16420,16.1,45.0,12.2,19.8,23.8,POINT (-90.7714945147511 35.2958747021642)
NY,New York,Cortland,36023,45752,9.3,30.5,5.8,12.8,12.9,POINT (-76.0702852077051 42.5950382162679)
MN,Minnesota,Waseca,27161,18981,11.4,39.1,8.9,15.4,12.6,POINT (-93.5872866696323 44.0221059926322)
TN,Tennessee,Carter,47019,57022,15.9,37.9,11.9,20.5,,POINT (-82.1281035839619 36.2927107215481)
NC,North Carolina,Franklin,37069,77001,12.8,38.8,11.1,14.8,16.4,POINT (-78.2855965915324 36.0827093866128)
GA,Georgia,Bibb,13021,156512,16.9,44.7,14.5,16.8,25.9,POINT (-83.6968461851432 32.8062871397584)
WA,Washington,Douglas,53017,44798,11.0,35.8,14.0,11.7,,POINT (-119.691353473544 47.7364517170948)
SD,South Dakota,Beadle,46005,19591,13.4,35.4,12.3,16.9,,POINT (-98.278833195103 44.4146782721707)
MS,Mississippi,Tunica,28143,9234,21.4,51.0,16.1,23.5,42.2,POINT (-90.3749921434948 34.6506310696003)
SD,South Dakota,Brown,46013,37733,11.2,35.1,8.2,14.1,,POINT (-98.351577212034 45.5898044620952)
SC,South Carolina,McCormick,45065,9941,20.6,36.9,12.2,14.6,18.6,POINT (-82.3094465802451 33.8995317154953)
TX,Texas,Sabine,48403,10106,16.6,35.5,12.5,16.2,,POINT (-93.8530861264766 31.3427705012424)
SD,South Dakota,Kingsbury,46077,5276,12.1,35.6,8.5,14.7,,POINT (-97.4913953695211 44.3695726308271)
MO,Missouri,Washington,29221,23534,14.8,41.9,11.0,22.9,18.6,POINT (-90.8774877340781 37.9614739823197)
NE,Nebraska,Hitchcock,31087,2552,13.4,41.6,8.8,14.8,11.9,POINT (-101.041976225201 40.1761669175728)
OR,Oregon,Clackamas,41005,423173,10.5,34.0,6.7,10.5,,POINT (-122.22022493442 45.1879549116315)
KS,Kansas,Osage,20139,15824,12.5,41.8,8.6,16.4,11.9,POINT (-95.7269460284304 38.6523024213965)
OK,Oklahoma,Latimer,40077,9526,17.0,42.3,12.2,22.4,24.9,POINT (-95.2502811179092 34.8760727150762)
MD,Maryland,Somerset,24039,24910,14.2,38.4,10.9,16.9,23.4,POINT (-75.7588809332213 38.1136869415127)
IN,Indiana,Rush,18139,16847,14.3,39.1,8.4,18.6,14.8,POINT (-85.4657626743102 39.6200897065716)
IA,Iowa,Greene,19073,8584,13.1,35.8,7.1,16.5,11.6,POINT (-94.3967730929328 42.0362286775236)
VA,Virginia,Buckingham,51029,16978,16.6,43.6,11.2,18.4,19.6,POINT (-78.5283152919207 37.5719688623927)
OH,Ohio,Belmont,39013,64918,14.5,40.9,8.2,18.1,13.9,POINT (-80.9884007171154 40.0158385533074)
TX,Texas,Wheeler,48483,4804,14.7,37.2,17.3,16.0,,POINT (-100.269768350645 35.4011461843964)
IL,Illinois,Jasper,17079,9144,12.0,38.2,6.9,14.3,11.4,POINT (-88.1535389702288 39.0104236780171)
TX,Texas,Burleson,48051,19475,14.0,35.9,15.9,14.1,,POINT (-96.6204059501343 30.4920545353374)
IL,Illinois,Will,17197,700728,10.7,38.0,9.1,11.6,13.1,POINT (-87.9785576453235 41.4450082302229)
MI,Michigan,Calhoun,26025,133366,13.3,42.5,7.7,16.7,17.2,POINT (-85.005628497299 42.2465161205031)
TN,Tennessee,Lincoln,47103,36169,14.8,40.5,11.8,18.9,,POINT (-86.5884578570277 35.1405225560834)
CO,Colorado,Lake,8065,7365,8.4,23.9,11.9,10.2,,POINT (-106.344971513974 39.2024367117474)
MS,Mississippi,Lincoln,28085,34702,15.7,40.5,11.1,18.0,21.1,POINT (-90.4538892090438 31.5323432253984)
MO,Missouri,Holt,29087,4248,14.1,36.6,8.7,17.6,12.8,POINT (-95.2149362038411 40.0944902545329)
TX,Texas,Hall,48191,2818,17.5,39.1,21.3,15.6,,POINT (-100.68136474111 34.5307336832386)
IA,Iowa,Pottawattamie,19155,93179,11.7,39.1,8.2,17.0,14.0,POINT (-95.5427335544974 41.3365745528696)
WI,Wisconsin,Vernon,55123,31170,12.9,38.8,8.0,16.1,12.5,POINT (-90.8341650417426 43.5938998571469)
OH,Ohio,Knox,39083,63320,12.6,37.1,7.6,15.5,12.2,POINT (-82.4215435805835 40.3988019956419)
IN,Indiana,Vanderburgh,18163,179810,12.8,38.2,8.2,16.2,14.8,POINT (-87.5857564542311 38.0253644973075)
MT,Montana,Rosebud,30087,8160,13.6,39.5,12.2,20.2,21.9,POINT (-106.73057532208 46.2300118101563)
OK,Oklahoma,Bryan,40013,48967,13.4,40.0,11.5,19.0,20.3,POINT (-96.260179863938 33.9623444306279)
GA,Georgia,Gwinnett,13135,983526,12.6,34.9,15.6,11.7,17.6,POINT (-84.0237004394442 33.961661805784)
IA,Iowa,Wayne,19185,6557,13.1,40.6,7.8,17.2,12.7,POINT (-93.3274398578025 40.7395430082683)
OH,Ohio,Defiance,39039,38315,13.3,35.3,9.2,15.9,12.9,POINT (-84.4905879101881 41.3239133830731)
LA,Louisiana,West Carroll,22123,9323,16.5,40.1,9.5,20.0,21.7,POINT (-91.4563784449715 32.7887025329607)
CA,California,San Diego,6073,3269973,10.0,25.3,8.7,10.0,15.0,POINT (-116.735136221495 33.0338956563358)
IL,Illinois,Clark,17023,15088,12.0,37.3,7.3,14.9,12.5,POINT (-87.7877785113332 39.3334921224673)
VA,Virginia,Harrisonburg,51660,51082,10.2,34.0,13.0,13.2,19.4,POINT (-78.8741985026812 38.4354909220474)
GA,Georgia,Banks,13011,19789,13.8,34.5,14.2,17.3,16.4,POINT (-83.4973124857513 34.3543159067035)
KS,Kansas,Thomas,20193,7865,10.2,35.0,8.3,12.7,10.2,POINT (-101.055370482002 39.3510757479227)
CO,Colorado,Washington,8121,4855,10.5,26.4,10.8,13.4,,POINT (-103.2015166348 39.9709815449593)
AR,Arkansas,Franklin,5047,17468,14.6,39.8,11.5,19.5,18.6,POINT (-93.8905515046839 35.5124401293152)
UT,Utah,Sanpete,49039,30277,10.4,29.2,11.8,11.2,15.7,POINT (-111.576241103098 39.3739330940003)
WV,West Virginia,McDowell,54047,17439,21.6,46.2,13.9,28.7,28.6,POINT (-81.6545890211044 37.3783912304724)
ID,Idaho,Boundary,16021,13557,12.6,33.3,11.2,14.7,14.7,POINT (-116.462854291271 48.7669357396543)
NH,New Hampshire,Sullivan,33019,43969,11.2,33.5,7.8,13.0,11.3,POINT (-72.2222089208157 43.361589446035)
TX,Texas,Ector,48135,164494,12.8,40.0,28.0,14.2,,POINT (-102.542980507933 31.8691061601852)
OR,Oregon,Wheeler,41069,1436,16.5,35.8,8.5,14.1,,POINT (-120.027595419599 44.7260950246017)
TX,Texas,Tyler,48457,20382,15.3,38.7,17.3,19.3,,POINT (-94.3765374260976 30.7714339514186)
MS,Mississippi,Jefferson Davis,28065,10969,21.8,45.4,12.9,20.0,30.6,POINT (-89.822847109141 31.5696294392356)
TX,Texas,Hill,48217,38101,14.2,36.9,16.6,15.3,,POINT (-97.1326290825318 31.9907752386382)
ND,North Dakota,Mountrail,38061,9383,12.8,42.2,10.1,19.2,17.9,POINT (-102.355736666559 48.2011749180463)
CO,Colorado,Routt,8107,25064,8.3,23.7,7.5,10.2,,POINT (-106.991358943749 40.4849640267694)
MS,Mississippi,Warren,28149,42298,16.2,43.8,10.5,16.1,22.0,POINT (-90.8517527793514 32.3565888940683)
WY,Wyoming,Weston,56045,6808,12.6,35.7,12.0,15.7,,POINT (-104.567739997323 43.8402189504887)
TX,Texas,Bastrop,48021,110778,13.4,40.2,21.6,14.0,,POINT (-97.3120172080013 30.1036058737594)
OH,Ohio,Montgomery,39113,533796,14.5,37.0,7.9,15.2,15.1,POINT (-84.2906742372083 39.7546661172735)
CA,California,San Luis Obispo,6079,281639,10.0,26.1,7.5,10.2,12.6,POINT (-120.404478346917 35.387112949635)
AL,Alabama,Bibb,1007,21868,16.2,43.9,12.6,19.7,23.5,POINT (-87.1265925390144 32.9984605509544)
NE,Nebraska,Platte,31141,34609,11.9,41.8,12.4,13.5,13.0,POINT (-97.5207893131766 41.5711677915767)
MN,Minnesota,Morrison,27097,34250,12.0,37.2,7.7,16.4,11.7,POINT (-94.2682414527687 46.0126391083566)
WA,Washington,Grays Harbor,53027,77290,13.6,37.0,9.9,15.0,,POINT (-123.773234737164 47.1497896042938)
SD,South Dakota,Haakon,46055,1851,13.5,33.7,8.5,15.7,,POINT (-101.539877945569 44.2944979276265)
MI,Michigan,Clare,26035,31316,15.4,40.5,7.9,19.5,17.8,POINT (-84.8479911390538 43.9879858092422)
WA,Washington,Snohomish,53061,844761,9.1,30.6,7.7,10.1,,POINT (-121.697355744443 48.047577980212)
MO,Missouri,Butler,29023,41948,15.3,41.1,11.3,22.1,19.6,POINT (-90.4067320578668 36.7164202083042)
CO,Colorado,Fremont,8043,50318,11.4,30.6,13.4,15.5,,POINT (-105.439539306961 38.4730462936741)
IA,Iowa,Madison,19121,16971,10.5,37.2,5.9,14.2,9.3,POINT (-94.0155228853862 41.3307393125207)
GA,Georgia,Putnam,13237,23129,17.1,39.4,12.9,15.5,17.9,POINT (-83.3730418216221 33.3217500731646)
WV,West Virginia,Calhoun,54013,5959,21.1,40.8,10.6,26.2,22.5,POINT (-81.1171562125043 38.8442506055535)
OK,Oklahoma,Garfield,40047,62023,12.6,41.7,12.3,16.9,17.8,POINT (-97.7826935652779 36.3791132161372)
GA,Georgia,Echols,13101,3709,13.6,38.3,19.4,16.3,19.4,POINT (-82.8945119439741 30.7101017543153)
OK,Oklahoma,Washita,40149,10736,13.4,39.5,10.9,17.5,16.6,POINT (-98.9923791380001 35.2905012989551)
GA,Georgia,Decatur,13087,29087,17.8,42.2,16.4,18.9,26.5,POINT (-84.5790568138442 30.8782445454159)
CA,California,Tuolumne,6109,54204,12.1,29.0,7.0,12.3,12.3,POINT (-119.955704805251 38.0275813878029)
AK,Alaska,Kenai Peninsula,2122,61223,9.8,32.3,9.9,16.1,12.6,POINT (-151.5538621838 60.2599690239553)
IL,Illinois,McLean,17113,170441,9.5,34.5,6.8,11.2,12.1,POINT (-88.847471454861 40.4907543058628)
NE,Nebraska,Greeley,31077,2219,12.6,34.7,8.9,14.3,11.2,POINT (-98.5214511885459 41.5674345819884)
KS,Kansas,Graham,20065,2376,14.3,36.7,8.4,15.3,12.1,POINT (-99.8835288877432 39.3498825769041)
AR,Arkansas,Poinsett,5111,22397,14.6,41.4,12.6,20.4,21.6,POINT (-90.6631053050275 35.5740758449201)
TX,Texas,Montgomery,48339,711354,11.4,31.8,14.7,11.8,,POINT (-95.5030644811264 30.300104861884)
NC,North Carolina,Sampson,37163,59601,15.6,41.8,15.4,17.2,22.3,POINT (-78.3716173368201 34.9921847299645)
AL,Alabama,Jackson,1071,53467,16.0,39.3,11.2,19.0,19.6,POINT (-85.9995052603961 34.7796392771775)
NM,New Mexico,Eddy,35015,60275,11.6,39.8,16.9,13.3,19.3,POINT (-104.30411650348 32.4715227070044)
OH,Ohio,Franklin,39049,1326063,11.8,33.7,8.4,13.9,15.5,POINT (-83.0095596369965 39.9695482397033)
VA,Virginia,James City,51095,82654,12.5,32.1,6.5,9.7,8.5,POINT (-76.7779744527846 37.3285891455836)
IL,Illinois,Marshall,17123,11683,13.0,38.6,8.1,15.2,12.9,POINT (-89.3446681907835 41.0331708888478)
TN,Tennessee,Sequatchie,47153,17161,16.7,39.4,14.1,22.7,,POINT (-85.4099653169459 35.370952132045)
MO,Missouri,Pemiscot,29155,14613,17.9,44.9,13.1,24.8,26.6,POINT (-89.7855102043037 36.2113777608523)
ND,North Dakota,Eddy,38027,2263,13.5,38.7,8.1,16.2,13.3,POINT (-98.9018655003493 47.7175022446221)
MS,Mississippi,Claiborne,28021,8617,20.4,47.8,13.9,18.7,38.0,POINT (-90.9117719505713 31.9736121295396)
GA,Georgia,Lamar,13171,20401,13.6,36.6,12.4,15.5,17.8,POINT (-84.1393164291498 33.076295380381)
MT,Montana,Lincoln,30053,21895,14.0,37.8,10.7,16.7,13.7,POINT (-115.40494946006 48.5424332413472)
WV,West Virginia,Harrison,54033,64639,15.6,40.2,8.1,18.8,15.0,POINT (-80.3793933507544 39.2833399096793)
OH,Ohio,Carroll,39019,26758,14.9,38.9,8.4,19.0,14.0,POINT (-81.0896541475271 40.5793488212271)
IN,Indiana,Franklin,18047,23096,13.7,40.8,7.5,16.8,12.3,POINT (-85.0602581204889 39.4147489315124)
NC,North Carolina,Macon,37113,38412,14.2,35.3,10.4,14.9,13.3,POINT (-83.4217780844555 35.1506263752147)
OR,Oregon,Umatilla,41059,80053,12.5,37.7,13.6,14.6,,POINT (-118.736871879737 45.5916095947863)
GA,Georgia,Monroe,13207,30625,13.1,34.9,11.2,14.2,14.7,POINT (-83.918587785938 33.0140418940373)
IL,Illinois,Randolph,17157,29815,12.9,38.8,9.3,16.3,15.7,POINT (-89.8251663296485 38.0521875484111)
VA,Virginia,Wythe,51197,28104,14.3,38.8,8.6,16.7,13.3,POINT (-81.0790579702724 36.9168645148652)
WV,West Virginia,Preston,54077,34099,15.3,37.7,9.4,20.6,16.1,POINT (-79.6682382255385 39.4693463018361)
VT,Vermont,Orleans,50019,27516,10.7,33.2,7.1,13.9,,POINT (-72.2433151551954 44.8289966062728)
MO,Missouri,Scotland,29199,4676,12.8,37.1,10.7,19.1,14.5,POINT (-92.1472099223108 40.4525606651452)
NM,New Mexico,Hidalgo,35023,3965,16.4,34.5,19.6,14.7,24.1,POINT (-108.714784306827 31.914023667001)
VA,Virginia,Williamsburg,51830,15847,9.4,31.1,7.8,9.7,12.3,POINT (-76.7076124024334 37.2692766406108)
NE,Nebraska,Box Butte,31013,10692,13.0,38.8,10.8,14.8,13.6,POINT (-103.085795725889 42.2198664468014)
TX,Texas,Gray,48179,20916,13.9,38.5,20.1,16.4,,POINT (-100.812739155708 35.4008162101796)
OH,Ohio,Medina,39103,184042,11.9,36.3,6.2,13.1,9.0,POINT (-81.899694474725 41.1175710779189)
MI,Michigan,Roscommon,26143,23863,15.7,39.2,6.5,16.5,13.5,POINT (-84.6116306973644 44.3355020778884)
NY,New York,Rockland,36087,340807,11.3,30.5,8.2,11.4,16.0,POINT (-74.0241447073283 41.1526754141999)
GA,Georgia,Coweta,13077,155892,12.4,35.7,10.8,12.3,12.9,POINT (-84.7638668651097 33.3536597760037)
NV,Nevada,Lyon,32019,62583,12.3,35.2,12.4,15.9,15.4,POINT (-119.188399256538 39.0199185877151)
LA,Louisiana,St. Tammany,22103,275583,13.3,37.4,6.9,14.5,15.0,POINT (-89.9574351817691 30.4098994543095)
OH,Ohio,Paulding,39125,18706,14.1,41.3,8.7,17.2,13.4,POINT (-84.5802136619402 41.1166104120679)
MD,Maryland,Dorchester,24019,32879,16.6,41.8,10.1,16.1,19.3,POINT (-76.0234580060655 38.4691256248242)
MD,Maryland,Kent,24029,19303,13.7,35.1,7.9,11.9,12.4,POINT (-76.039943401655 39.2542700817072)
ID,Idaho,Owyhee,16073,12722,13.4,33.4,17.4,16.4,20.3,POINT (-116.169961362386 42.5814571930845)
AR,Arkansas,Newton,5101,7071,15.3,38.6,10.1,17.8,15.7,POINT (-93.2175629791081 35.9200960625867)
GA,Georgia,Twiggs,13289,7691,18.6,39.7,14.6,18.4,22.2,POINT (-83.4270456679841 32.6669819807256)
KS,Kansas,Logan,20109,2665,12.5,39.8,9.7,15.9,12.7,POINT (-101.148475037654 38.9173580577205)
TX,Texas,Lampasas,48281,23262,14.0,35.1,14.5,14.2,,POINT (-98.2414108131031 31.1962436760644)
MS,Mississippi,Smith,28129,14099,16.9,43.6,12.5,19.8,23.1,POINT (-89.506644127003 32.0177762977322)
WV,West Virginia,Berkeley,54003,132440,13.5,38.7,8.7,17.4,15.3,POINT (-78.0272689900364 39.4644546313415)
IA,Iowa,Audubon,19009,5534,13.6,37.6,7.2,16.3,12.0,POINT (-94.9058176042924 41.68448919254)
SC,South Carolina,Abbeville,45001,24434,16.9,37.6,12.5,16.0,20.6,POINT (-82.4592335344885 34.2227918494933)
UT,Utah,Duchesne,49013,20477,11.0,31.6,11.2,11.8,15.2,POINT (-110.425966057871 40.298103934115)
IL,Illinois,Sangamon,17167,193491,11.9,39.6,7.1,13.2,13.3,POINT (-89.6587606853797 39.7581951074678)
IL,Illinois,Monroe,17133,34957,10.1,35.5,5.6,11.3,8.4,POINT (-90.1775126381944 38.2783868217588)
TX,Texas,Karnes,48255,15018,14.0,38.9,28.2,16.0,,POINT (-97.8593371651088 28.9055896223932)
TN,Tennessee,Houston,47083,8393,14.7,39.5,12.1,20.2,,POINT (-87.718007950043 36.2863750112246)
HI,Hawaii,Hawaii,15001,207615,12.5,27.2,6.6,14.5,19.9,POINT (-155.521167555468 19.6012350699632)
NC,North Carolina,Caldwell,37027,80574,13.2,33.4,11.3,17.0,15.5,POINT (-81.5466545637271 35.9530956685159)
CO,Colorado,Clear Creek,8019,9147,9.0,23.9,7.3,10.1,,POINT (-105.644012714121 39.6891749844255)
MS,Mississippi,Forrest,28035,78208,13.1,35.8,10.8,15.2,22.7,POINT (-89.2578760599532 31.1889394568747)
KS,Kansas,Hamilton,20075,2437,11.8,40.2,17.0,14.5,16.1,POINT (-101.79157686823 37.9991796979017)
ND,North Dakota,Steele,38091,1782,12.7,35.0,7.1,14.2,10.2,POINT (-97.7246625634281 47.4561586889749)
FL,Florida,Polk,12105,818330,13.6,40.2,19.2,14.4,,POINT (-81.6975411156457 27.9488148549188)
VA,Virginia,Mecklenburg,51117,30648,18.6,41.2,10.1,16.3,17.9,POINT (-78.3629099075077 36.6803305710598)
TN,Tennessee,Robertson,47147,76776,12.7,37.0,12.2,18.0,,POINT (-86.8698013219112 36.5254566335954)
NE,Nebraska,Dundy,31057,1561,14.2,37.0,9.2,14.3,11.8,POINT (-101.687804256446 40.1762531526083)
MI,Michigan,Leelanau,26089,23019,12.2,31.7,4.7,10.6,8.0,POINT (-85.8122108162971 44.9396081276158)
OH,Ohio,Union,39159,69637,10.2,39.8,6.3,12.6,9.5,POINT (-83.3715354336427 40.2993895656009)
OR,Oregon,Morrow,41049,12302,14.5,39.2,17.8,16.0,,POINT (-119.584509198724 45.4189258177358)
LA,Louisiana,Evangeline,22039,31754,16.8,44.7,11.7,22.1,28.5,POINT (-92.4059929946948 30.7290326885882)
IL,Illinois,Lee,17103,33654,12.8,38.9,9.1,15.3,14.5,POINT (-89.3003384748927 41.7461650352863)
CA,California,Mendocino,6045,89108,13.7,29.3,10.3,14.3,17.9,POINT (-123.391321827245 39.4403114811983)
GA,Georgia,Meriwether,13199,20931,17.6,41.4,14.7,18.6,22.9,POINT (-84.6882775391666 33.0409419482636)
TN,Tennessee,Decatur,47039,11656,17.8,43.0,14.0,23.8,,POINT (-88.109040028671 35.6034598248842)
AR,Arkansas,Arkansas,5001,16307,15.2,39.1,11.1,17.3,20.6,POINT (-91.3742443996367 34.2890451226643)
IA,Iowa,Clayton,19043,16969,13.9,41.0,7.7,17.8,13.2,POINT (-91.341363137786 42.8446965174081)
MO,Missouri,Clinton,29049,21548,12.0,39.5,8.2,17.0,12.0,POINT (-94.4046286545338 39.601729021222)
IN,Indiana,Martin,18101,9897,14.6,39.1,8.5,18.7,14.1,POINT (-86.8031709408232 38.7077721857342)
VA,Virginia,Franklin,51620,8339,18.1,43.8,10.6,16.8,23.8,POINT (-76.9361048694181 36.6823577633447)
TX,Texas,Hays,48209,280486,10.2,34.5,16.6,10.8,,POINT (-98.0310940044177 30.0578040288703)
NC,North Carolina,Yadkin,37197,37774,13.3,36.3,11.9,16.3,15.2,POINT (-80.6651545675768 36.1601990907039)
WI,Wisconsin,Adams,55001,21449,16.7,40.3,9.3,17.5,14.1,POINT (-89.770360772222 43.9696684766537)
IL,Illinois,Douglas,17041,19629,11.7,38.5,9.4,15.1,14.1,POINT (-88.2172568038989 39.7694705783852)
GA,Georgia,Stewart,13259,4674,17.9,41.6,28.1,20.7,34.6,POINT (-84.8345510378135 32.0781190115819)
TX,Texas,Matagorda,48321,36359,16.4,39.4,22.6,15.3,,POINT (-96.0111087701823 28.820954465474)
OK,Oklahoma,Texas,40139,20371,13.7,44.1,21.5,16.0,25.4,POINT (-101.490176417065 36.7479008949604)
KS,Kansas,Labette,20099,19728,13.4,41.3,10.2,17.9,15.3,POINT (-95.2976507359037 37.191347992578)
MN,Minnesota,Goodhue,27049,48035,10.9,36.0,7.7,14.7,10.8,POINT (-92.7228678481718 44.4096695563143)
FL,Florida,Glades,12043,12786,17.7,37.1,23.7,19.7,,POINT (-81.1891415991292 26.9564177202841)
AR,Arkansas,Cleburne,5023,25445,15.1,37.9,10.1,17.4,15.7,POINT (-92.0266618029566 35.5381671096059)
MS,Mississippi,Tippah,28139,21287,15.3,43.3,12.4,18.7,21.0,POINT (-88.908935000687 34.7684451221636)
SC,South Carolina,Darlington,45031,62416,17.6,45.6,13.1,16.4,24.6,POINT (-79.9574988177176 34.3325804041033)
LA,Louisiana,Lincoln,22061,47962,13.5,42.6,8.4,15.9,25.9,POINT (-92.6647188959222 32.6016150663698)
VA,Virginia,Dickenson,51051,13640,16.9,39.1,11.1,20.6,17.4,POINT (-82.3509910253429 37.1259725353202)
TX,Texas,Cochran,48079,2509,18.6,42.6,32.3,19.3,,POINT (-102.828552919004 33.6042661046981)
TX,Texas,Falls,48145,17286,16.1,40.0,19.5,17.1,,POINT (-96.9360031831906 31.2533225342958)
NC,North Carolina,Onslow,37133,213676,8.6,33.4,11.7,13.3,15.6,POINT (-77.4275153859824 34.7305699378555)
FL,Florida,Lake,12069,424462,14.5,35.3,14.3,12.3,,POINT (-81.7115098698765 28.7613760456976)
IN,Indiana,Newton,18111,13960,14.4,43.5,9.9,18.3,15.1,POINT (-87.3976361121008 40.9560211312151)
TX,Texas,Dawson,48115,12004,15.3,39.4,29.9,17.1,,POINT (-101.947700451381 32.7425570373523)
ID,Idaho,Ada,16001,524673,9.0,29.0,8.5,10.4,9.9,POINT (-116.241257443034 43.450951919308)
VA,Virginia,Rockingham,51165,86568,12.3,33.1,9.7,13.9,12.0,POINT (-78.8758050560103 38.5122358206728)
KS,Kansas,Republic,20157,4627,14.3,41.2,8.5,16.3,12.6,POINT (-97.6502970602076 39.8278397982545)
GA,Georgia,Hancock,13141,8676,22.8,44.8,18.7,21.9,33.7,POINT (-83.000824480349 33.2700844778974)
ME,Maine,Cumberland,23005,310230,8.9,26.7,6.4,10.9,8.0,POINT (-70.3761250453607 43.838769691104)
IA,Iowa,Fayette,19065,19210,13.1,38.5,7.4,16.9,12.9,POINT (-91.8443939227799 42.8626436322626)
IA,Iowa,Humboldt,19091,9500,13.2,41.4,7.7,16.8,12.8,POINT (-94.2072855563124 42.7764316376836)
MO,Missouri,Mississippi,29133,11822,16.7,47.6,12.8,23.6,24.1,POINT (-89.290718833329 36.8282857303086)
CA,California,Del Norte,6015,26589,12.5,31.0,9.7,15.0,17.7,POINT (-123.897120966337 41.7431608613822)
AR,Arkansas,Jackson,5067,16784,15.4,43.9,13.6,21.1,25.8,POINT (-91.2146324874827 35.5993609746175)
VA,Virginia,Poquoson,51735,12635,11.0,33.2,6.3,11.2,8.1,POINT (-76.3553874891113 37.1308258602584)
TN,Tennessee,Tipton,47167,62015,14.2,44.1,11.5,19.0,,POINT (-89.7563412718672 35.4973069158235)
TX,Texas,Collin,48085,1195359,9.5,32.3,10.1,9.3,,POINT (-96.5724094886701 33.1879491136514)
NY,New York,Essex,36031,36775,11.8,34.8,5.8,13.5,11.8,POINT (-73.772554574674 44.1171679971398)
MO,Missouri,Maries,29125,8430,13.6,38.2,9.3,18.8,13.9,POINT (-91.9249374518146 38.1615550006667)
IN,Indiana,Switzerland,18155,10019,14.9,40.4,9.5,20.4,16.0,POINT (-85.0369356650096 38.8262289144782)
NE,Nebraska,York,31185,14356,11.2,40.9,9.2,14.1,11.9,POINT (-97.5971025429162 40.8727678324978)
NM,New Mexico,Catron,35003,3825,17.7,31.6,10.0,14.8,15.3,POINT (-108.404715402876 33.9150903459717)
AL,Alabama,Mobile,1097,411640,16.1,39.0,10.2,15.4,21.5,POINT (-88.20640909701 30.7791692937068)
GA,Georgia,Tift,13277,41554,15.8,39.4,16.1,17.5,23.3,POINT (-83.5261951536676 31.4570749653838)
IN,Indiana,Daviess,18027,33656,13.8,41.4,10.8,19.7,17.7,POINT (-87.0729178813756 38.7024579918795)
ID,Idaho,Benewah,16009,10369,13.5,36.3,11.3,16.8,16.8,POINT (-116.658809779797 47.216881555053)
NH,New Hampshire,Grafton,33009,93146,9.3,25.8,6.7,10.5,9.4,POINT (-71.8207067350232 43.9406928660321)
ID,Idaho,Kootenai,16055,185010,9.9,31.7,8.8,12.1,11.1,POINT (-116.701842750137 47.6743233510996)
IA,Iowa,Mills,19129,14633,11.3,39.2,5.9,13.8,9.2,POINT (-95.6213165740337 41.0334156785597)
TX,Texas,Reagan,48383,3141,14.5,39.1,27.0,13.1,,POINT (-101.523265939639 31.3660704106608)
IL,Illinois,Warren,17187,16185,12.3,37.0,9.5,14.5,14.7,POINT (-90.6149668081218 40.8488342067712)
MO,Missouri,DeKalb,29063,9899,12.5,38.9,9.3,17.4,12.8,POINT (-94.4047320441517 39.8931440726315)
AL,Alabama,Walker,1127,64728,15.1,35.8,10.7,18.4,19.0,POINT (-87.2978092396997 33.8031253577516)
VA,Virginia,Henrico,51087,334760,12.3,32.8,7.8,11.4,12.6,POINT (-77.4061052897589 37.5380714502749)
MO,Missouri,Wright,29229,19403,15.5,42.2,11.5,23.0,19.4,POINT (-92.4683331957183 37.2701894505267)
IL,Illinois,Johnson,17087,13326,12.9,41.4,10.4,16.8,17.5,POINT (-88.8810606161437 37.4595414006534)
NC,North Carolina,Pasquotank,37139,41444,13.0,38.3,10.0,13.9,16.6,POINT (-76.2844399122087 36.2952169111293)
SD,South Dakota,Hyde,46069,1186,13.6,35.3,9.1,16.3,,POINT (-99.4870754081912 44.5472921113259)
CO,Colorado,Prowers,8099,11751,12.6,29.2,18.3,15.0,,POINT (-102.393320913656 37.9551931037437)
AL,Alabama,Coosa,1037,10268,18.6,41.9,10.9,17.8,21.2,POINT (-86.2475655062285 32.9362201904239)
WI,Wisconsin,Walworth,55127,105822,11.2,38.4,8.4,12.8,10.9,POINT (-88.5418387513161 42.6685116518019)
IA,Iowa,Scott,19163,174270,11.0,40.6,6.9,14.0,12.7,POINT (-90.6229482200086 41.6371214525029)
TX,Texas,Kleberg,48273,30069,14.0,37.1,27.9,12.1,,POINT (-97.7241429287968 27.4313553016512)
IN,Indiana,Brown,18013,15653,14.7,36.1,6.8,15.9,10.8,POINT (-86.2276164308305 39.1964287361074)
CO,Colorado,Lincoln,8073,5480,10.8,29.8,14.5,15.5,,POINT (-103.51381580232 38.9871392845813)
WA,Washington,Okanogan,53047,43712,13.3,32.6,12.3,15.5,,POINT (-119.740958563289 48.5487824430908)
MT,Montana,Deer Lodge,30023,9673,12.9,32.4,10.7,17.0,14.1,POINT (-113.066771483619 46.0608249789491)
SD,South Dakota,Clark,46025,3948,13.1,34.1,10.4,16.5,,POINT (-97.7295029933072 44.8584015981682)
LA,Louisiana,Richland,22083,19712,17.7,43.1,10.2,21.4,28.0,POINT (-91.7632185935453 32.4173915854101)
MA,Massachusetts,Hampden,25013,460291,12.1,34.9,8.1,14.8,18.7,POINT (-72.6315256129094 42.1352566047193)
AR,Arkansas,Lee,5077,8201,19.7,46.9,15.8,22.3,33.6,POINT (-90.780565570189 34.7806712575882)
OH,Ohio,Coshocton,39031,36869,15.3,41.5,9.4,20.1,16.2,POINT (-81.9201277213696 40.3017013117605)
NE,Nebraska,Valley,31175,4012,12.9,41.8,8.6,14.0,11.6,POINT (-98.9820851122081 41.5672346166775)
MN,Minnesota,Winona,27169,49721,9.8,33.8,7.3,13.0,11.1,POINT (-91.7792039182144 43.9868004157693)
IN,Indiana,Cass,18017,37666,15.3,47.4,12.3,18.5,17.7,POINT (-86.3459852530457 40.7615633416599)
WI,Wisconsin,Lincoln,55069,28405,13.1,42.8,7.8,16.0,12.3,POINT (-89.7344763397969 45.3374904822118)
OK,Oklahoma,Payne,40119,83352,9.8,33.9,9.4,14.0,17.4,POINT (-96.9754479121175 36.0773135084841)
IA,Iowa,Woodbury,19193,105951,12.1,39.1,10.6,16.1,15.3,POINT (-96.0445183541311 42.3895564783896)
GA,Georgia,Chattahoochee,13053,8661,7.5,35.8,17.2,13.5,20.3,POINT (-84.7871165740001 32.3468609717409)
KS,Kansas,Rooks,20163,4778,12.3,40.6,8.6,15.0,11.2,POINT (-99.3254195838503 39.3502508545605)
AK,Alaska,Yakutat,2282,687,13.7,35.4,12.1,20.5,18.6,POINT (-140.357660106358 59.8890141407815)
MO,Missouri,Pike,29163,17935,13.5,38.3,10.8,20.3,16.4,POINT (-91.1713677633838 39.343794479913)
OK,Oklahoma,Cherokee,40021,48185,14.3,42.9,10.8,18.9,22.1,POINT (-94.9995983942583 35.9067009473224)
ND,North Dakota,Hettinger,38041,2415,11.7,37.4,7.3,14.5,10.5,POINT (-102.460546833439 46.4325285789278)
MT,Montana,Carter,30011,1418,12.3,32.9,9.5,15.0,11.6,POINT (-104.535957148965 45.5169230538484)
TX,Texas,Dimmit,48127,8257,23.4,46.8,41.1,18.9,,POINT (-99.7563877000039 28.4224004357478)
FL,Florida,Broward,12011,1962531,13.5,30.6,16.7,11.8,,POINT (-80.4871790026649 26.1523199539158)
MT,Montana,Stillwater,30095,9173,10.8,30.2,8.7,12.9,9.5,POINT (-109.394997001811 45.6691623698494)
TX,Texas,Shackelford,48417,3229,12.3,33.8,11.4,12.5,,POINT (-99.3540694252788 32.7359833326809)
NC,North Carolina,Jackson,37099,44574,12.1,34.5,9.8,14.2,14.5,POINT (-83.140690459055 35.2882917929266)
KS,Kansas,Morton,20129,2580,14.0,37.9,14.1,16.6,16.3,POINT (-101.799236689048 37.1914039248222)
MI,Michigan,Crawford,26039,13538,14.9,37.5,6.9,17.6,14.7,POINT (-84.6103291589207 44.6834193051836)
WY,Wyoming,Johnson,56019,8759,13.1,35.6,10.5,14.7,,POINT (-106.584820119499 44.0396656597518)
IN,Indiana,Johnson,18081,167819,11.9,38.8,7.1,14.1,11.4,POINT (-86.1015201678262 39.4900191572479)
TX,Texas,McLennan,48309,268583,12.5,34.8,16.8,13.5,,POINT (-97.2019674339833 31.5524344159356)
TN,Tennessee,Warren,47177,42638,15.5,42.3,14.8,21.4,,POINT (-85.7788784397496 35.6788204639214)
MN,Minnesota,Nobles,27105,21727,13.5,38.6,16.5,16.7,19.8,POINT (-95.7535094491168 43.6741927784577)
OK,Oklahoma,Love,40085,10296,14.4,38.8,13.7,18.5,20.0,POINT (-97.2442389335667 33.9500550048767)
TX,Texas,Milam,48331,25951,14.9,37.1,17.6,15.3,,POINT (-96.9765048988869 30.7863766498583)
NJ,New Jersey,Cape May,34009,94610,11.7,33.5,8.3,11.8,10.1,POINT (-74.8006150705768 39.1494676186782)
VA,Virginia,Accomack,51001,33239,18.2,40.0,12.0,16.5,19.0,POINT (-75.6362087071782 37.7665461006998)
NV,Nevada,Esmeralda,32009,736,17.7,36.1,14.7,18.2,20.3,POINT (-117.632391641874 37.7846363630387)
SD,South Dakota,McPherson,46089,2334,14.8,34.9,10.2,16.2,,POINT (-99.2211995899187 45.7663277837372)
MI,Michigan,Iosco,26069,25373,15.9,38.8,7.7,18.2,15.9,POINT (-83.6360248500271 44.3559235019266)
WI,Wisconsin,Columbia,55021,58091,11.3,33.6,7.4,14.4,10.4,POINT (-89.3334381762567 43.4665785622649)
SD,South Dakota,Fall River,46047,7393,16.4,38.0,8.9,17.4,,POINT (-103.527365372332 43.2393360239102)
TX,Texas,Roberts,48393,840,11.6,33.7,11.0,12.4,,POINT (-100.813194100652 35.8380987731575)
TX,Texas,Kent,48263,734,12.9,32.5,12.0,11.5,,POINT (-100.778093903515 33.1810413555639)
MO,Missouri,Iron,29093,9440,15.0,42.3,10.0,20.5,16.3,POINT (-90.7736848137164 37.5553176681298)
GA,Georgia,Candler,13043,11059,16.5,42.2,17.2,18.6,23.6,POINT (-82.0734630871974 32.4033782137034)
MA,Massachusetts,Plymouth,25023,535308,10.3,29.7,4.4,11.9,11.3,POINT (-70.8131463191532 41.9537873793157)
VA,Virginia,Fauquier,51061,75165,11.6,32.7,8.1,11.5,9.9,POINT (-77.8093468112091 38.7388353084616)
MS,Mississippi,Yazoo,28163,25796,18.5,50.5,18.6,23.5,36.1,POINT (-90.3963983305751 32.7799623720231)
OK,Oklahoma,Greer,40055,5466,13.0,42.1,12.9,17.9,18.3,POINT (-99.560687947098 34.9357323398987)
CO,Colorado,Douglas,8035,383906,6.8,25.3,6.3,7.8,,POINT (-104.929359437339 39.3296457475955)
CT,Connecticut,Greater Bridgeport,9120,327651,10.3,28.1,14.1,10.7,20.0,POINT (-73.2314633461602 41.2433129003445)
VA,Virginia,Patrick,51141,17509,16.4,39.9,9.8,17.2,14.3,POINT (-80.2846884935107 36.6784090926801)
VA,Virginia,New Kent,51127,26134,11.9,35.1,7.2,12.3,10.3,POINT (-76.9985223191228 37.5053453938283)
VA,Virginia,Bland,51021,6179,13.8,36.5,9.0,16.0,11.9,POINT (-81.1304587868316 37.1338339110413)
KS,Kansas,Woodson,20207,3115,13.6,39.6,8.6,16.6,12.1,POINT (-95.7401904470548 37.8866480321183)
NE,Nebraska,Lincoln,31111,33365,12.9,40.1,10.0,15.1,13.5,POINT (-100.745358298708 41.0475515417827)
WV,West Virginia,Mason,54053,24765,17.0,41.3,9.1,21.9,17.7,POINT (-82.0265180831264 38.7697766470729)
WI,Wisconsin,Lafayette,55065,16945,12.5,41.9,8.8,15.9,12.9,POINT (-90.1315739992228 42.6605000770287)
TX,Texas,Throckmorton,48447,1526,15.4,35.5,13.1,14.9,,POINT (-99.2123602088417 33.1775038104692)
AL,Alabama,Montgomery,1101,224980,16.4,46.1,10.2,14.4,24.8,POINT (-86.2076996333806 32.220703470576)
MO,Missouri,Camden,29029,44044,14.7,35.6,7.9,16.4,11.1,POINT (-92.7657841266849 38.0267073938257)
TX,Texas,Colorado,48089,21117,14.9,36.2,17.7,13.6,,POINT (-96.5263230883207 29.6207696357925)
AK,Alaska,Aleutians East,2013,3461,12.8,30.7,15.7,17.0,21.6,POINT (-161.964571410747 55.359979555826)
CA,California,Imperial,6025,179057,15.0,34.7,22.1,12.9,30.9,POINT (-115.365089023702 33.0401896009011)
IL,Illinois,Pulaski,17153,4911,18.4,45.6,11.1,20.0,25.7,POINT (-89.1272504444827 37.2227585561944)
OH,Ohio,Lucas,39095,425484,14.0,36.1,9.0,16.4,17.0,POINT (-83.6584628770734 41.6198809742992)
NJ,New Jersey,Ocean,34029,659197,11.4,29.8,9.5,13.3,11.9,POINT (-74.2813321071752 39.8853077787669)
NC,North Carolina,Wayne,37191,118686,14.2,39.5,13.0,16.2,20.9,POINT (-78.0039504800588 35.3637958601789)
NE,Nebraska,Merrick,31121,7755,11.7,39.3,9.3,15.0,11.6,POINT (-98.0376687632167 41.1692355513901)
OR,Oregon,Jackson,41029,220768,12.7,32.8,9.3,12.9,,POINT (-122.728689995299 42.4320743878599)
TN,Tennessee,Fentress,47049,19696,17.1,44.9,12.9,22.5,,POINT (-84.932645595067 36.380175365968)
FL,Florida,Osceola,12097,437784,13.4,39.8,21.8,11.8,,POINT (-81.1492983205034 28.0624845887589)
MS,Mississippi,Jackson,28059,146389,15.0,40.7,11.1,15.4,17.7,POINT (-88.6353343692766 30.5346826794064)
OK,Oklahoma,Jackson,40065,24669,13.2,40.4,13.9,16.1,19.9,POINT (-99.4156033926378 34.588117482182)
NM,New Mexico,Luna,35029,25316,17.7,35.7,25.8,16.9,32.9,POINT (-107.749720187195 32.1822367696247)
MI,Michigan,Oscoda,26135,8545,16.5,38.4,8.1,19.4,17.3,POINT (-84.1297512344476 44.6816911251778)
MS,Mississippi,Neshoba,28099,28789,16.5,43.1,12.8,21.0,25.9,POINT (-89.117508515357 32.7534254344088)
MT,Montana,Powder River,30075,1743,11.9,30.4,9.2,13.3,10.1,POINT (-105.630011231967 45.3950397009562)
WI,Wisconsin,Washington,55131,138168,10.5,36.4,6.2,12.1,8.7,POINT (-88.2306031328811 43.3685226289149)
TX,Texas,Midland,48329,177108,10.8,35.9,20.0,12.0,,POINT (-102.031580366906 31.8691447722439)
AR,Arkansas,Sebastian,5131,129098,13.1,36.2,12.9,16.1,18.4,POINT (-94.2747115384126 35.1994487114465)
WI,Wisconsin,Douglas,55031,44264,11.7,41.0,7.1,14.3,11.1,POINT (-91.9161252265845 46.4328926127271)
VA,Virginia,Chesapeake,51550,253886,12.8,40.1,8.3,12.5,13.6,POINT (-76.3021998784009 36.6777699805544)
IA,Iowa,Adair,19001,7389,13.1,39.9,7.2,16.7,12.2,POINT (-94.4708898643576 41.3307390565959)
AR,Arkansas,Van Buren,5141,16142,16.2,39.6,11.3,19.3,18.5,POINT (-92.5158922653774 35.5806118772188)
FL,Florida,Clay,12019,232439,12.2,34.9,11.7,13.5,,POINT (-81.8578586154471 29.982933504009)
ME,Maine,Penobscot,23019,155312,11.5,38.0,8.4,15.6,11.8,POINT (-68.6494418029542 45.4002647066289)
TX,Texas,Nolan,48353,14306,16.5,40.5,22.9,17.3,,POINT (-100.406154240884 32.3035307220411)
OR,Oregon,Douglas,41019,112435,14.3,37.6,8.6,14.5,,POINT (-123.166175428676 43.279366800602)
ME,Maine,Lincoln,23015,36507,11.8,30.9,7.2,12.7,8.7,POINT (-69.5422010988501 44.0633840443308)
GA,Georgia,Emanuel,13107,23119,16.4,42.7,16.7,20.3,25.6,POINT (-82.3016074445996 32.5898924481191)
AL,Alabama,Colbert,1033,58361,15.0,37.5,9.8,16.2,17.6,POINT (-87.8049657872681 34.7004396828047)
ID,Idaho,Madison,16065,54547,4.9,26.2,10.9,10.0,17.4,POINT (-111.659057264189 43.7840136222451)
IN,Indiana,Dubois,18037,43546,13.2,40.0,8.8,15.4,12.4,POINT (-86.87967418654 38.3641061248825)
GA,Georgia,Pike,13231,20461,11.9,36.0,10.9,14.9,13.1,POINT (-84.3889530379761 33.0926631241019)
NY,New York,Putnam,36079,98060,9.7,27.5,6.3,9.6,10.4,POINT (-73.7492866616372 41.4267967956185)
IA,Iowa,Jasper,19099,37919,11.9,38.3,7.2,16.5,11.7,POINT (-93.0543946498338 41.6862728176212)
NJ,New Jersey,Hunterdon,34019,130183,9.2,26.3,6.6,8.8,7.7,POINT (-74.9124851360962 40.5676465335377)
WV,West Virginia,Nicholas,54067,24169,16.8,40.6,8.6,20.7,16.2,POINT (-80.7995158023614 38.2916433145159)
SD,South Dakota,Ziebach,46137,2322,18.7,47.2,13.7,30.4,,POINT (-101.665864029136 44.9804936625227)
MI,Michigan,Hillsdale,26059,45587,13.5,37.6,7.4,17.8,16.2,POINT (-84.5930177282528 41.8877912642905)
MI,Michigan,Allegan,26005,121939,11.6,35.6,7.2,14.8,13.2,POINT (-85.8884940961651 42.5912929570167)
GA,Georgia,Henry,13151,254613,13.4,45.2,11.7,12.9,18.2,POINT (-84.1539379774032 33.4525591081274)
SC,South Carolina,Fairfield,45039,20422,20.5,45.7,13.6,17.2,26.9,POINT (-81.121146725211 34.394951882985)
AR,Arkansas,Craighead,5031,113993,11.6,39.1,10.6,15.8,18.4,POINT (-90.6329336830579 35.8308246644221)
NC,North Carolina,Tyrrell,37177,3461,17.5,41.3,14.1,18.1,22.0,POINT (-76.2078458813114 35.8180871559222)
OH,Ohio,Washington,39167,58577,13.8,43.7,7.7,17.0,12.6,POINT (-81.4953288002496 39.4553183091123)
MN,Minnesota,Anoka,27003,372441,10.6,36.2,7.5,13.6,11.7,POINT (-93.2464484376371 45.2734016200054)
NY,New York,Albany,36001,316659,9.2,29.8,5.5,10.5,12.2,POINT (-73.9734531065076 42.6001191055404)
NV,Nevada,Washoe,32031,498022,10.0,28.5,12.0,12.6,14.6,POINT (-119.664334839723 40.665709227723)
WY,Wyoming,Goshen,56015,12642,12.3,36.8,12.1,13.9,,POINT (-104.353415965095 42.0879169606802)
FL,Florida,Flagler,12035,131439,13.7,30.6,11.4,12.2,,POINT (-81.3134845980192 29.4615154544014)
NC,North Carolina,Brunswick,37019,159964,13.5,32.8,7.9,12.4,10.1,POINT (-78.2376597098153 34.0703788434431)
GA,Georgia,Jenkins,13165,8627,18.2,42.5,18.2,21.9,30.1,POINT (-81.9635075987097 32.7925148438943)
ID,Idaho,Gooding,16047,16061,13.0,34.1,17.9,15.0,18.9,POINT (-114.811675308638 42.9710507296599)
NE,Nebraska,Arthur,31005,412,12.1,41.7,7.3,13.6,10.5,POINT (-101.695898453118 41.5690395863461)
SC,South Carolina,Bamberg,45009,12974,19.5,42.0,14.1,16.3,27.6,POINT (-81.0541244732088 33.2149747482288)
MO,Missouri,Lafayette,29107,33196,11.8,37.0,8.6,16.5,11.8,POINT (-93.7855789786115 39.0653159136722)
TX,Texas,Nueces,48355,352289,15.8,39.7,24.6,13.1,,POINT (-97.6111268939581 27.7254870706267)
TN,Tennessee,Madison,47113,99193,16.2,43.8,11.9,18.4,,POINT (-88.8383732518768 35.608117346519)
KS,Kansas,Mitchell,20123,5719,12.8,39.0,8.4,15.6,11.5,POINT (-98.208999617985 39.3932591374957)
TX,Texas,Brazos,48041,244703,9.7,29.4,15.6,11.7,,POINT (-96.3023043130741 30.6610052325894)
TX,Texas,Fayette,48149,25474,13.8,33.9,14.2,12.3,,POINT (-96.919888918161 29.8766808325112)
VA,Virginia,Smyth,51173,29216,15.4,38.1,9.9,18.3,15.7,POINT (-81.5375981611673 36.8438123739006)
IA,Iowa,Cherokee,19035,11605,13.7,40.6,7.9,16.4,12.8,POINT (-95.6236610082518 42.7353668341086)
NE,Nebraska,Dawson,31047,24085,13.5,41.1,18.0,15.0,18.9,POINT (-99.8196323284575 40.8699021971953)
ND,North Dakota,Williams,38105,39113,8.9,40.4,9.5,15.6,13.2,POINT (-103.480093794057 48.3438152047439)
FL,Florida,Liberty,12077,7706,14.3,44.5,18.0,19.3,,POINT (-84.8831820625943 30.2412248335451)
LA,Louisiana,De Soto,22031,27114,17.8,44.4,9.5,20.7,26.3,POINT (-93.7377991963265 32.0550687762293)
MO,Missouri,St. Francois,29187,67058,12.9,40.3,10.5,20.7,16.7,POINT (-90.4721605303441 37.8101764330501)
MI,Michigan,Mason,26105,29159,13.8,40.4,7.0,15.7,13.9,POINT (-86.2500362980391 43.99510197364)
NE,Nebraska,Sioux,31165,1154,16.0,42.6,10.2,16.8,14.6,POINT (-103.758803200722 42.4875737542202)
MD,Maryland,Baltimore,24510,565239,14.4,38.7,10.1,15.8,25.2,POINT (-76.6144656268901 39.3051294208208)
WV,West Virginia,Upshur,54097,23529,16.5,36.6,8.9,20.9,16.9,POINT (-80.2337280101355 38.8975319884368)
WI,Wisconsin,Pierce,55093,43026,9.8,33.2,6.7,13.0,9.9,POINT (-92.4224986307832 44.719500944718)
MN,Minnesota,Douglas,27041,39953,11.4,35.2,6.9,13.7,9.7,POINT (-95.4535825970657 45.9337244645852)
IL,Illinois,Kendall,17093,139976,9.4,39.7,8.8,11.0,12.0,POINT (-88.4287811608796 41.5907308708057)
TN,Tennessee,Henderson,47077,28070,15.4,38.8,12.6,21.5,,POINT (-88.3884411367081 35.6541030308873)
MA,Massachusetts,Berkshire,25003,126818,10.9,31.2,4.8,12.7,11.4,POINT (-73.2062245902623 42.3704857844323)
SC,South Carolina,Oconee,45073,81221,15.3,38.2,12.0,14.7,16.1,POINT (-83.0657367054267 34.7535964083781)
GA,Georgia,Wilcox,13315,8779,17.4,42.6,17.8,20.2,24.8,POINT (-83.432277173462 31.9726046759688)
KS,Kansas,Cowley,20035,34157,12.8,40.9,10.7,15.7,14.5,POINT (-96.8377428241915 37.2377203761023)
AL,Alabama,Greene,1063,7341,27.1,52.7,14.6,22.3,41.3,POINT (-87.9519483428688 32.8530437219041)
TX,Texas,Lubbock,48303,320940,11.4,35.4,17.6,12.6,,POINT (-101.820518052289 33.6101840470101)
OH,Ohio,Clark,39023,134610,15.0,42.2,8.9,17.9,15.7,POINT (-83.7843901210144 39.9166223719097)
MS,Mississippi,Alcorn,28003,34135,15.0,40.0,11.8,19.3,19.1,POINT (-88.5802284144295 34.8808223839938)
MN,Minnesota,McLeod,27085,36785,11.4,42.0,8.3,14.9,10.9,POINT (-94.2724561981662 44.8235891276668)
NC,North Carolina,Harnett,37085,141477,11.8,36.9,12.1,15.3,17.2,POINT (-78.8699035439401 35.3688284194037)
VA,Virginia,Staunton,51790,25915,12.9,36.4,8.1,13.5,12.4,POINT (-79.0615486649739 38.1588314707324)
SD,South Dakota,Miner,46097,2280,13.3,35.7,8.7,15.9,,POINT (-97.609921085488 44.0219875619479)
TN,Tennessee,Putnam,47141,83844,12.4,37.5,12.1,17.6,,POINT (-85.4952222663883 36.1410192724133)
IN,Indiana,LaPorte,18091,111706,15.0,37.0,9.5,17.6,16.0,POINT (-86.7401420264398 41.5460206478626)
MO,Missouri,Livingston,29117,14557,12.6,39.4,9.5,18.7,15.0,POINT (-93.5482609076792 39.7822888163042)
NH,New Hampshire,Belknap,33001,65027,10.5,30.5,6.6,12.2,9.3,POINT (-71.4222926773562 43.5177681072851)
WI,Wisconsin,Sheboygan,55117,117752,11.5,36.6,7.9,13.7,11.2,POINT (-87.9453315851594 43.7212481954764)
FL,Florida,Duval,12031,1030822,12.8,34.3,13.6,13.9,,POINT (-81.6707360309589 30.3318813634013)
NC,North Carolina,Beaufort,37013,44481,15.6,36.8,10.9,16.1,17.4,POINT (-76.8589373781447 35.4941226525086)
NY,New York,Greene,36039,47062,11.7,34.4,6.6,13.5,13.3,POINT (-74.122955130826 42.2765639859712)
MI,Michigan,Genesee,26049,401522,13.2,40.6,7.3,17.0,19.1,POINT (-83.706686627752 43.0216917139979)
VA,Virginia,Carroll,51035,29239,15.9,41.4,10.0,17.9,14.6,POINT (-80.7336132012495 36.7315789919945)
TX,Texas,Cass,48067,28659,15.7,39.3,13.5,17.2,,POINT (-94.3432364556616 33.0778942664555)
OH,Ohio,Putnam,39137,34199,12.3,43.7,7.3,14.0,10.1,POINT (-84.1317442011222 41.0221222224867)
IN,Indiana,Blackford,18009,11893,16.4,44.3,9.5,20.8,17.6,POINT (-85.3248549068487 40.4736156523133)
LA,Louisiana,Jefferson Davis,22053,31553,14.8,42.7,9.1,19.9,21.5,POINT (-92.8140974931932 30.2678493150808)
WY,Wyoming,Converse,56009,13809,11.5,37.3,12.0,15.4,,POINT (-105.507297908746 42.9722028131336)
SD,South Dakota,Union,46127,17183,10.6,31.2,7.6,12.8,,POINT (-96.6557702679066 42.8318426395387)
WA,Washington,Yakima,53077,256643,12.9,39.7,18.8,12.9,,POINT (-120.738805287994 46.4571878403496)
MO,Missouri,Knox,29103,3723,15.1,39.5,10.7,21.2,17.2,POINT (-92.1479431780068 40.1281233092883)
NC,North Carolina,Union,37179,256452,10.5,33.4,9.3,11.9,12.0,POINT (-80.5307553094627 34.9884050314763)
IL,Illinois,Madison,17119,262752,11.2,38.7,7.3,13.3,13.5,POINT (-89.9049552313156 38.829741095185)
NM,New Mexico,Curry,35009,47222,12.0,39.4,17.6,14.4,24.0,POINT (-103.346899801465 34.5742627079771)
NE,Nebraska,Howard,31093,6527,11.5,38.6,7.8,13.7,10.0,POINT (-98.5166421510037 41.220010027479)
SD,South Dakota,Custer,46033,9117,13.9,33.9,7.0,13.9,,POINT (-103.451665498108 43.6775403964023)
IL,Illinois,Crawford,17033,18300,12.1,40.1,8.3,15.4,14.0,POINT (-87.7592378726544 39.0032498440152)
TX,Texas,Bowie,48037,91687,13.8,36.7,14.1,16.0,,POINT (-94.423819006715 33.4470642499379)
TN,Tennessee,Sullivan,47163,162135,15.2,37.8,11.1,19.2,,POINT (-82.3045585275936 36.5129258294869)
MA,Massachusetts,Bristol,25005,581841,10.8,32.1,5.9,15.8,14.9,POINT (-71.1142068476454 41.7970686849921)
AR,Arkansas,Lonoke,5085,75944,11.3,36.1,9.8,16.0,15.3,POINT (-91.8886806209445 34.7543403081242)
MI,Michigan,Marquette,26103,66999,10.6,36.4,5.9,13.5,12.1,POINT (-87.6414419780462 46.4314459429004)
WA,Washington,Lincoln,53043,11738,11.7,37.6,7.2,11.7,,POINT (-118.418646673561 47.5762886822607)
MN,Minnesota,Lake,27075,10855,12.5,35.4,7.2,15.1,10.4,POINT (-91.4460488116361 47.6408235702132)
SC,South Carolina,Richland,45079,425138,13.0,34.7,11.1,11.2,18.1,POINT (-80.9030347855872 34.0213194825565)
IL,Illinois,Boone,17007,53202,12.2,36.8,11.8,14.1,15.9,POINT (-88.8234017651991 42.3230307748571)
NC,North Carolina,Nash,37127,96551,15.0,38.4,11.6,15.6,20.1,POINT (-77.9860103790339 35.9677050225842)
VA,Virginia,Craig,51045,4843,14.3,36.5,8.4,15.6,11.4,POINT (-80.2111274289422 37.4821282924121)
OK,Oklahoma,Cimarron,40025,2191,13.7,37.6,13.0,13.0,14.0,POINT (-102.517800024169 36.7482645981398)
MO,Missouri,Adair,29001,25122,10.0,34.7,8.2,14.3,13.7,POINT (-92.6008180613286 40.1905163010493)
NC,North Carolina,Rutherford,37161,65507,14.4,38.1,11.2,17.3,16.8,POINT (-81.9203691777493 35.4025792890745)
SC,South Carolina,Allendale,45005,7369,21.6,46.7,17.6,19.0,34.6,POINT (-81.3575896785781 32.9881820061081)
TX,Texas,Potter,48375,114647,15.3,41.8,23.8,17.3,,POINT (-101.893935555114 35.4012969967097)
MO,Missouri,Christian,29043,94422,10.7,36.3,7.4,14.8,10.4,POINT (-93.1888525142621 36.9695383389424)
TX,Texas,Culberson,48109,2196,19.3,40.3,31.3,16.1,,POINT (-104.517917684887 31.4465825494057)
IA,Iowa,Palo Alto,19147,8810,12.1,40.0,6.9,15.1,11.0,POINT (-94.6782083305063 43.0820387033705)
NV,Nevada,Churchill,32001,25803,11.7,37.8,11.4,16.1,15.4,POINT (-118.335881546455 39.5807698508947)
AL,Alabama,Choctaw,1023,12252,20.1,44.4,11.0,18.2,25.4,POINT (-88.2631706219377 32.0198224293383)
MS,Mississippi,Hinds,28049,214870,17.0,44.0,11.1,15.9,27.5,POINT (-90.4426741235189 32.2664742457034)
MO,Missouri,Cedar,29039,14672,15.6,39.8,10.2,20.3,16.5,POINT (-93.8565289874316 37.7238399525283)
IN,Indiana,Hamilton,18057,371645,9.6,32.5,5.2,9.5,7.4,POINT (-86.0519949848072 40.0724731399412)
AK,Alaska,Chugach,2063,6769,9.6,31.1,8.8,14.8,11.6,POINT (-145.846670254475 60.7148095406379)
MO,Missouri,Shannon,29203,7238,15.2,37.0,10.1,20.7,16.0,POINT (-91.3998703889819 37.1571796589561)
AR,Arkansas,Scott,5127,9851,14.8,37.0,12.4,18.5,18.6,POINT (-94.06316918547 34.8608770716874)
KS,Kansas,Shawnee,20177,177746,12.5,38.3,9.6,15.2,13.8,POINT (-95.7561876629467 39.0415011252388)
LA,Louisiana,Jefferson,22051,421777,16.2,41.6,10.0,14.9,20.5,POINT (-90.1129164801717 29.7414209774776)
FL,Florida,Wakulla,12129,36449,12.6,38.9,12.8,15.3,,POINT (-84.4003829341659 30.167069730405)
NE,Nebraska,Chase,31029,3724,12.7,36.9,11.2,14.0,12.6,POINT (-101.697940676881 40.5237100804625)
NM,New Mexico,Bernalillo,35001,671586,11.6,33.0,14.0,12.0,18.0,POINT (-106.670270116226 35.0512991138255)
WV,West Virginia,Monroe,54063,12382,17.9,41.1,8.8,20.5,16.3,POINT (-80.5505495429756 37.5604387985945)
WI,Wisconsin,Waushara,55137,24934,14.4,39.7,8.9,16.5,12.8,POINT (-89.2429754089233 44.1131612071157)
VA,Virginia,Greensville,51081,11133,17.1,45.3,13.0,19.2,25.4,POINT (-77.5594411054267 36.6756602905362)
VA,Virginia,Suffolk,51800,100659,13.7,42.5,8.5,13.2,15.8,POINT (-76.6392874870984 36.6957657724593)
TX,Texas,Rockwall,48397,131307,9.4,35.1,11.3,10.0,,POINT (-96.407903561199 32.8977739436621)
TX,Texas,San Patricio,48409,70660,15.4,41.3,24.9,14.4,,POINT (-97.5188987733639 28.0098227496439)
NE,Nebraska,Morrill,31123,4504,13.3,41.6,11.8,15.9,15.1,POINT (-103.010622449925 41.7155952353238)
ND,North Dakota,Richland,38077,16558,10.5,36.1,7.1,13.2,10.2,POINT (-96.9482681184316 46.2646218900275)
VA,Virginia,Norfolk,51710,230930,12.7,40.3,10.8,13.7,19.1,POINT (-76.2594956953889 36.8946370439568)
CT,Connecticut,Northwest Hills,9160,113463,10.0,28.2,7.1,10.9,10.4,POINT (-73.2211305040558 41.8467716056501)
WI,Wisconsin,Green Lake,55047,19344,13.7,40.4,8.8,16.0,13.3,POINT (-89.044669731292 43.800497781151)
GA,Georgia,Forsyth,13117,272887,9.9,27.7,8.5,9.2,8.5,POINT (-84.125243446561 34.2253024818373)
ID,Idaho,Custer,16037,4523,13.4,31.5,8.9,12.7,11.4,POINT (-114.281578784289 44.2413743406626)
MN,Minnesota,Pennington,27113,13714,11.2,40.2,7.9,15.4,11.7,POINT (-96.0365164170054 48.0662844352752)
ID,Idaho,Valley,16085,12644,13.1,34.0,9.0,13.2,11.7,POINT (-115.566555304962 44.7665648756136)
VA,Virginia,Prince George,51149,42871,11.5,38.4,10.9,13.8,16.6,POINT (-77.2246950092364 37.1866269731616)
NY,New York,Suffolk,36103,1523170,10.0,29.7,7.2,9.6,12.5,POINT (-72.8428608406326 40.870154068565)
VT,Vermont,Addison,50001,37720,8.2,27.3,5.9,9.9,,POINT (-73.1408412196056 44.0309582617477)
MI,Michigan,Kalkaska,26079,18490,13.5,38.7,7.3,17.8,15.4,POINT (-85.0903328654525 44.6849044086281)
IL,Illinois,Cook,17031,5087072,11.8,31.0,11.8,11.1,19.2,POINT (-87.8168979519151 41.8399157287328)
VA,Virginia,Essex,51057,10598,18.0,42.6,10.3,16.9,19.6,POINT (-76.9520297912605 37.9430642422513)
AR,Arkansas,Independence,5063,38320,13.4,41.6,11.6,17.1,18.2,POINT (-91.5700112648911 35.741699805739)
GA,Georgia,Oglethorpe,13221,15754,14.1,36.4,12.8,15.3,15.7,POINT (-83.0816749715219 33.8803387488294)
WV,West Virginia,Hancock,54029,28145,16.6,44.0,8.0,18.6,14.8,POINT (-80.5738950092347 40.5218655920266)
AL,Alabama,Macon,1087,18370,20.0,46.7,11.2,15.6,31.3,POINT (-85.6921198346528 32.3858126404866)
IA,Iowa,Tama,19171,16833,13.6,40.2,9.3,17.4,14.9,POINT (-92.5325291369623 42.0798241878133)
TX,Texas,Delta,48119,5520,13.7,37.1,13.4,15.9,,POINT (-95.672735117149 33.3864460647308)
IA,Iowa,Montgomery,19137,10139,12.9,39.5,7.4,16.5,12.5,POINT (-95.1563922387492 41.0301848465775)
MI,Michigan,Barry,26015,63808,11.2,37.0,6.3,14.9,12.0,POINT (-85.3088510798164 42.5950854269653)
KS,Kansas,Wichita,20203,2082,14.5,41.7,14.6,16.0,16.0,POINT (-101.347150948459 38.4817825227768)
MT,Montana,Glacier,30035,13609,15.5,39.7,14.3,26.5,32.0,POINT (-112.994561424643 48.704975530082)
VA,Virginia,Highland,51091,2339,15.2,33.0,7.3,12.8,9.1,POINT (-79.5686701019357 38.3623935694073)
VA,Virginia,Lunenburg,51111,12038,18.9,46.1,12.5,18.9,21.5,POINT (-78.2404882289963 36.9458951476308)
NC,North Carolina,Iredell,37097,199710,10.7,32.8,9.1,12.9,12.1,POINT (-80.8731910815794 35.8070107330188)
TN,Tennessee,Bradley,47011,111579,13.4,41.5,11.9,17.6,,POINT (-84.8594559083279 35.153687546383)
IA,Iowa,Kossuth,19109,14396,13.1,38.2,7.0,14.9,11.1,POINT (-94.2068095566049 43.2042144437295)
TX,Texas,Waller,48473,63553,11.1,36.6,17.6,12.2,,POINT (-95.9873089845741 30.0111246617293)
MS,Mississippi,Franklin,28037,7610,18.5,40.4,12.1,20.0,25.0,POINT (-90.8982369544869 31.4768604374398)
TX,Texas,Glasscock,48173,1141,10.9,34.0,15.4,10.8,,POINT (-101.520755031505 31.8694279830958)
ND,North Dakota,Kidder,38043,2342,12.8,39.9,7.4,14.5,10.2,POINT (-99.7801135265319 46.9800645895012)
VA,Virginia,Emporia,51595,5463,20.0,44.4,13.3,18.6,28.6,POINT (-77.535082031868 36.6945991085116)
CO,Colorado,Bent,8011,5681,14.7,33.7,22.1,20.0,,POINT (-103.072197677268 37.9549082494337)
GA,Georgia,Irwin,13155,9120,16.2,40.3,15.2,18.3,21.4,POINT (-83.2761961285303 31.6024325769384)
CA,California,Shasta,6089,180366,11.7,29.3,7.1,13.8,14.0,POINT (-122.040246599392 40.763787981335)
NY,New York,Clinton,36019,78115,10.7,33.2,6.3,14.4,13.9,POINT (-73.6782703371876 44.7461445069515)
WY,Wyoming,Teton,56039,23232,8.4,24.0,9.2,9.2,,POINT (-110.589857877684 43.9344840596924)
TN,Tennessee,Grainger,47057,24681,15.7,41.2,12.7,21.3,,POINT (-83.5093313396847 36.2764868035071)
TX,Texas,Tarrant,48439,2182947,11.7,33.2,16.8,12.7,,POINT (-97.2911054620017 32.7719331621137)
IL,Illinois,Greene,17061,11543,13.2,40.2,8.1,17.2,14.9,POINT (-90.3905037272373 39.3562848923661)
TX,Texas,Harrison,48203,70895,13.8,38.8,14.4,15.2,,POINT (-94.3711940178342 32.5484333627484)
NC,North Carolina,Currituck,37053,31593,10.7,34.5,8.1,13.2,10.2,POINT (-76.0039069482098 36.4032422089498)
MN,Minnesota,Aitkin,27001,16102,15.2,33.2,7.4,16.4,12.0,POINT (-93.4153705255362 46.6081162372872)
MT,Montana,Teton,30099,6430,11.0,30.9,9.5,14.1,11.5,POINT (-112.240290378385 47.837131804133)
GA,Georgia,Glascock,13125,2954,14.5,37.6,13.1,18.1,17.2,POINT (-82.6106278747624 33.229733246093)
SC,South Carolina,Marlboro,45069,25704,20.5,41.0,17.6,21.0,33.5,POINT (-79.6786177539627 34.6020090350978)
TN,Tennessee,Lawrence,47099,46114,14.9,41.5,12.8,21.4,,POINT (-87.3957124386779 35.2173290015161)
OH,Ohio,Lawrence,39087,56118,15.1,41.6,8.6,19.6,16.1,POINT (-82.536984256161 38.5987545151818)
MS,Mississippi,Pike,28113,39394,18.9,46.0,13.5,20.3,30.3,POINT (-90.4041403188927 31.1749025878605)
OH,Ohio,Adams,39001,27521,15.7,40.3,9.6,21.9,18.0,POINT (-83.4720531231294 38.8454930546772)
WI,Wisconsin,Outagamie,55087,193234,10.3,36.6,7.1,12.7,10.3,POINT (-88.4650199576843 44.4160154160954)
AZ,Arizona,Coconino,4005,144472,9.3,23.6,10.1,11.5,16.2,POINT (-111.770577149727 35.8387928971913)
VT,Vermont,Washington,50023,60142,8.9,27.1,5.8,11.5,,POINT (-72.6150937800981 44.2734806300628)
WI,Wisconsin,Fond du Lac,55039,103948,11.5,43.8,8.1,14.8,11.4,POINT (-88.4883433780916 43.7536089759286)
ME,Maine,Aroostook,23003,67351,14.8,40.0,9.4,17.9,13.6,POINT (-68.5987269232186 46.6590579475164)
NC,North Carolina,Polk,37149,20060,14.1,35.2,8.8,13.0,11.0,POINT (-82.170181353608 35.2792484455477)
FL,Florida,Martin,12085,163315,13.6,27.0,12.2,11.4,,POINT (-80.4312703143614 27.0775829017837)
ID,Idaho,Bear Lake,16007,6766,11.6,31.0,9.4,13.3,12.4,POINT (-111.329521463308 42.2848902379866)
KS,Kansas,Hodgeman,20083,1655,11.5,36.5,8.1,13.3,9.8,POINT (-99.8982155444157 38.087845788985)
NE,Nebraska,Fillmore,31059,5548,12.3,42.1,8.1,14.0,10.3,POINT (-97.5964583423922 40.5246464683652)
GA,Georgia,Wayne,13305,31373,15.8,43.3,16.3,20.0,23.5,POINT (-81.9169825771378 31.5514363184959)
VA,Virginia,Nottoway,51135,15566,16.7,43.5,11.7,18.0,20.9,POINT (-78.0517012425509 37.1424542186404)
TX,Texas,Motley,48345,1020,14.7,35.2,15.1,14.4,,POINT (-100.779742210669 34.0740864379362)
MO,Missouri,Monroe,29137,8698,15.0,37.8,9.5,19.3,14.7,POINT (-92.0006180770563 39.4955744777404)
AK,Alaska,North Slope,2185,10603,10.8,42.3,11.2,20.8,18.5,POINT (-153.47938789872 69.3135617388991)
NC,North Carolina,Madison,37115,22071,11.6,34.6,8.8,13.9,11.4,POINT (-82.7057879444013 35.8579929239928)
GA,Georgia,McDuffie,13189,21799,16.7,38.9,14.2,17.3,22.6,POINT (-82.4820889613078 33.4833148939309)
CA,California,Lake,6033,67878,14.1,32.7,10.1,15.2,18.2,POINT (-122.753413599125 39.0999886976907)
VA,Virginia,King William,51101,19030,12.2,34.9,7.9,13.8,11.9,POINT (-77.088094168942 37.7068224762203)
VA,Virginia,Augusta,51015,78247,13.2,40.8,8.6,14.5,11.5,POINT (-79.1343293692758 38.1645487269489)
IL,Illinois,Pike,17149,14342,13.3,40.6,8.5,16.8,15.2,POINT (-90.8861807489157 39.6225236120318)
NM,New Mexico,Quay,35037,8510,17.2,37.6,17.5,15.8,23.6,POINT (-103.549883052863 35.1039884429704)
WA,Washington,Columbia,53013,4053,12.2,32.4,8.1,11.9,,POINT (-117.90778452671 46.2978695308473)
LA,Louisiana,Sabine,22085,21906,17.9,44.7,9.5,21.1,25.0,POINT (-93.5553308778256 31.5631827342214)
OH,Ohio,Harrison,39067,14159,15.6,41.4,8.6,19.0,14.5,POINT (-81.091379743179 40.2936613564664)
MN,Minnesota,Big Stone,27011,5105,13.2,37.6,7.9,15.5,11.4,POINT (-96.4112404047907 45.4264942973861)
NY,New York,Cattaraugus,36009,75600,12.1,35.7,6.6,16.5,16.2,POINT (-78.6786483105561 42.2484925436508)
NC,North Carolina,Clay,37043,11864,14.3,35.3,8.5,13.8,11.0,POINT (-83.7497979844905 35.0571247338988)
KS,Kansas,Sedgwick,20173,528469,12.0,38.6,11.4,15.1,15.4,POINT (-97.4610088651267 37.6847025722059)
NY,New York,Erie,36029,946147,10.8,32.8,5.9,12.4,13.5,POINT (-78.7326077187095 42.7636086362286)
IL,Illinois,Vermilion,17183,71652,14.4,43.8,9.7,17.2,18.7,POINT (-87.7328335258318 40.1834823112361)
KS,Kansas,Clay,20027,8007,12.8,39.6,8.7,16.5,12.0,POINT (-97.1651632882433 39.349486209268)
GA,Georgia,Thomas,13275,45649,16.0,39.2,12.8,15.9,19.6,POINT (-83.9190539663463 30.8636976274318)
OK,Oklahoma,Pontotoc,40123,38396,12.3,39.9,9.8,16.5,17.0,POINT (-96.6840015218125 34.7283176992879)
ID,Idaho,Latah,16057,41301,7.8,29.0,8.2,10.0,11.4,POINT (-116.711700829425 46.8155705621497)
SC,South Carolina,Laurens,45059,68873,15.6,36.3,14.0,16.5,21.2,POINT (-82.0050625162507 34.4834539727734)
GA,Georgia,Newton,13217,120135,14.4,42.4,13.0,14.8,21.1,POINT (-83.8504141374814 33.5545472273125)
MT,Montana,Wibaux,30109,910,11.6,32.5,9.3,14.4,11.8,POINT (-104.249019801637 46.9651392080918)
MS,Mississippi,Choctaw,28019,8088,16.9,40.2,11.4,17.2,20.1,POINT (-89.248451713965 33.3474098381214)
OR,Oregon,Coos,41011,64212,14.2,34.1,8.6,15.2,,POINT (-124.059410514616 43.1737093219155)
MO,Missouri,Dent,29065,14647,14.6,39.5,9.8,19.9,15.2,POINT (-91.5076977714055 37.6064390266695)
SC,South Carolina,Berkeley,45015,255217,12.9,37.9,11.6,12.9,16.7,POINT (-79.9522741316224 33.1975611266692)
IN,Indiana,Parke,18121,16484,15.4,42.3,9.7,20.7,17.5,POINT (-87.2066045625594 39.7736299143198)
NJ,New Jersey,Cumberland,34011,152326,13.5,40.4,18.4,16.5,23.9,POINT (-75.1109810247216 39.3732890063349)
MD,Maryland,Wicomico,24045,104800,12.6,39.6,9.1,13.4,16.7,POINT (-75.6215195926947 38.3727886353365)
KS,Kansas,Anderson,20003,7838,13.1,40.1,9.7,18.1,14.1,POINT (-95.2933688726568 38.2141931918467)
OK,Oklahoma,Woodward,40153,19947,12.1,41.5,12.2,16.9,17.1,POINT (-99.265301176798 36.422629110699)
CA,California,Plumas,6063,19131,13.5,29.9,6.4,13.0,12.1,POINT (-120.838269553404 40.0042609776687)
LA,Louisiana,Cameron,22023,4768,13.3,36.4,7.6,17.0,15.2,POINT (-93.1937743273004 29.8753419178176)
WV,West Virginia,Brooke,54009,21373,15.5,40.0,7.4,16.9,12.7,POINT (-80.5759156500243 40.2745123575932)
MS,Mississippi,Marion,28091,24224,17.2,43.5,12.8,20.4,25.7,POINT (-89.8222880649578 31.2307987274595)
TN,Tennessee,Meigs,47121,13691,15.9,40.8,13.0,22.2,,POINT (-84.813392520053 35.5127017837319)
AZ,Arizona,Maricopa,4013,4585871,10.6,30.4,12.9,10.8,15.2,POINT (-112.491401814525 33.3490920459607)
OK,Oklahoma,Oklahoma,40109,808866,12.6,37.7,12.5,14.3,18.7,POINT (-97.4071852848576 35.5514988566603)
ME,Maine,Piscataquis,23021,17486,13.8,34.6,9.2,18.0,13.8,POINT (-69.2845687081099 45.8373141818196)
OH,Ohio,Pike,39131,27001,16.2,43.2,10.2,22.9,19.4,POINT (-83.0666366915286 39.0771703661227)
MN,Minnesota,Stevens,27149,9728,9.7,36.8,9.7,13.1,12.5,POINT (-96.0003728130183 45.5861904965132)
VA,Virginia,Charlottesville,51540,44983,10.4,33.0,7.7,11.1,12.8,POINT (-78.4851956784908 38.0379849799995)
SC,South Carolina,Hampton,45049,18122,20.2,41.6,16.6,19.1,30.2,POINT (-81.1406630056302 32.7762763402882)
MO,Missouri,Ripley,29181,10806,15.6,41.3,11.2,23.0,19.0,POINT (-90.8639051708951 36.6529402855284)
MI,Michigan,Missaukee,26113,15311,13.3,39.3,7.4,17.3,14.6,POINT (-85.0947630744163 44.3377023501119)
FL,Florida,Okeechobee,12093,41427,15.6,43.9,21.0,18.2,,POINT (-80.8886822709507 27.3865228653033)
WI,Wisconsin,Chippewa,55017,66970,11.7,41.7,7.6,15.6,11.1,POINT (-91.2799726300936 45.0694319590576)
IA,Iowa,Keokuk,19107,9914,13.4,41.4,7.3,17.6,13.0,POINT (-92.1783229392789 41.3364935048397)
OR,Oregon,Josephine,41033,87821,14.8,33.8,9.6,15.5,,POINT (-123.555531753584 42.365197541393)
TX,Texas,Kimble,48267,4442,16.6,36.8,16.9,14.8,,POINT (-99.74856472736 30.4867891761732)
MS,Mississippi,Newton,28101,21019,15.7,40.9,11.7,18.4,23.7,POINT (-89.1187174446986 32.4002385961341)
TX,Texas,Jack,48237,8875,13.4,37.8,18.0,17.5,,POINT (-98.1724400107934 33.2337317040923)
NY,New York,Orleans,36073,39124,11.7,32.9,7.2,15.7,15.9,POINT (-78.231341645979 43.2520681738951)
OH,Ohio,Gallia,39053,28986,15.3,36.6,9.3,20.8,16.5,POINT (-82.3168675618097 38.8247465141511)
TX,Texas,Young,48503,18124,13.4,37.1,15.2,14.5,,POINT (-98.6877013136536 33.1763786194871)
NE,Nebraska,Scotts Bluff,31157,35699,13.0,39.1,12.1,14.0,15.2,POINT (-103.708261370054 41.8505600254678)
UT,Utah,Morgan,49029,13000,8.1,25.0,6.5,7.6,7.7,POINT (-111.573589003026 41.0886356094677)
NM,New Mexico,Guadalupe,35019,4292,16.5,36.8,24.5,13.9,27.8,POINT (-104.790685928402 34.8632546779503)
IN,Indiana,Shelby,18145,45231,13.9,41.2,8.5,17.9,13.7,POINT (-85.791648699326 39.523473809861)
VA,Virginia,Surry,51181,6593,17.3,39.9,8.5,14.4,15.9,POINT (-76.9003293423803 37.1097289429147)
WV,West Virginia,Tucker,54093,6604,16.9,39.3,7.8,18.5,13.8,POINT (-79.5658010101617 39.1135842932892)
ND,North Dakota,Burke,38013,2134,11.1,37.3,6.9,13.1,8.7,POINT (-102.518197767457 48.7909158841652)
MI,Michigan,Lapeer,26087,88977,11.9,35.5,7.0,16.1,13.2,POINT (-83.2217642942152 43.090204632016)
TX,Texas,Eastland,48133,18037,14.1,35.5,15.9,15.6,,POINT (-98.8323287178066 32.3270590922605)
MO,Missouri,Taney,29213,56775,13.3,35.7,9.5,16.8,13.8,POINT (-93.0411619194503 36.6547592716981)
MT,Montana,Silver Bow,30093,36360,10.2,32.3,10.0,14.1,13.1,POINT (-112.656578039706 45.9025877326707)
TN,Tennessee,Clay,47027,7714,17.8,39.9,13.4,23.1,,POINT (-85.5425617178374 36.5512285702882)
MN,Minnesota,Cass,27021,31446,14.2,36.9,7.4,16.9,12.6,POINT (-94.3257868481831 46.9492700481454)
ID,Idaho,Oneida,16071,4953,10.5,31.9,8.9,12.4,11.0,POINT (-112.539222329733 42.1949197720138)
MI,Michigan,Delta,26041,36790,13.8,39.9,6.7,16.4,13.9,POINT (-86.9232233746824 45.9175107531867)
IN,Indiana,Adams,18001,36288,14.1,41.7,10.1,19.4,17.0,POINT (-84.9366248684735 40.7455253718017)
TX,Texas,Parker,48367,173494,10.7,35.5,12.1,12.9,,POINT (-97.8050287184467 32.7776961767337)
KS,Kansas,Ottawa,20143,5818,12.2,38.3,8.0,15.6,11.2,POINT (-97.6502058708467 39.1324546007811)
IA,Iowa,Clinton,19045,46158,12.7,39.3,7.4,16.9,12.9,POINT (-90.5323392171646 41.8979836891939)
WA,Washington,Wahkiakum,53069,4765,14.7,39.1,8.0,13.3,,POINT (-123.424936104773 46.2921200927637)
MN,Minnesota,Scott,27139,155814,9.4,32.0,6.6,12.2,9.7,POINT (-93.5357741352851 44.648473755763)
TX,Texas,Ellis,48139,222829,11.6,37.2,15.6,12.6,,POINT (-96.7947622892569 32.348352446173)
NE,Nebraska,Otoe,31131,16335,11.9,40.7,9.0,13.4,11.1,POINT (-96.1350156393143 40.648571030446)
SD,South Dakota,Gregory,46053,4018,14.1,35.9,9.0,16.2,,POINT (-99.1858193996821 43.1925706471082)
KS,Kansas,Phillips,20147,4761,13.6,40.5,8.9,16.2,12.5,POINT (-99.3467011682148 39.7845978792533)
GA,Georgia,Sumter,13261,28890,16.7,39.5,14.9,16.4,25.6,POINT (-84.1964809541096 32.0397994329016)
OK,Oklahoma,Johnston,40069,10216,15.3,39.4,11.7,21.0,22.5,POINT (-96.6606399644876 34.3166975357742)
OK,Oklahoma,Logan,40083,53029,12.0,40.2,9.4,15.3,14.9,POINT (-97.4429757513146 35.9192456181953)
DE,Delaware,New Castle,10003,578592,12.2,33.4,8.6,11.6,14.0,POINT (-75.647957543666 39.5816046675309)
MS,Mississippi,Walthall,28147,13863,17.8,43.1,13.0,19.3,25.9,POINT (-90.1061456917469 31.1483756747177)
MN,Minnesota,Grant,27051,6139,12.7,39.7,8.0,16.6,12.4,POINT (-96.0121418802788 45.9341606620888)
KS,Kansas,Brown,20013,9250,13.5,39.6,9.0,17.7,13.7,POINT (-95.5642512077165 39.8264977086838)
OH,Ohio,Mercer,39107,42439,12.1,36.3,7.2,15.0,10.8,POINT (-84.6293396544299 40.5399599689642)
IN,Indiana,Marshall,18099,46352,14.0,43.2,10.3,17.4,15.0,POINT (-86.2617259290156 41.3247781239262)
NE,Nebraska,Colfax,31037,10566,13.2,38.8,19.8,14.4,19.0,POINT (-97.0863357197511 41.573962665007)
VA,Virginia,Giles,51071,16457,13.8,36.1,8.6,16.0,12.3,POINT (-80.7031374156173 37.3143570279296)
MT,Montana,Prairie,30079,1112,16.2,33.5,12.2,17.5,15.2,POINT (-105.378076897385 46.8605196929178)
VA,Virginia,Franklin,51067,55549,15.1,34.8,8.6,15.0,12.6,POINT (-79.8811468460695 36.9917648033768)
AL,Alabama,Lee,1081,183215,12.5,38.4,8.8,12.9,17.1,POINT (-85.3550362108983 32.601254498925)
NC,North Carolina,Burke,37023,88338,13.8,36.8,11.6,17.0,16.2,POINT (-81.70486114808 35.7494843806822)
OK,Oklahoma,Atoka,40005,14525,14.6,40.3,12.7,21.3,22.0,POINT (-96.0378818277741 34.373683146273)
SD,South Dakota,McCook,46087,5809,11.0,36.1,7.9,14.0,,POINT (-97.3683604474315 43.6742530849966)
TX,Texas,Callahan,48059,14374,13.2,36.2,12.5,14.7,,POINT (-99.3734437190338 32.2976666489506)
CO,Colorado,Summit,8117,30465,7.9,24.4,9.1,10.5,,POINT (-106.116409160612 39.63441475541)
TX,Texas,Austin,48015,31677,14.7,37.3,17.2,14.6,,POINT (-96.2778777421417 29.886871504535)
AL,Alabama,Escambia,1053,36558,18.5,43.9,13.1,21.2,28.6,POINT (-87.1617426535115 31.1261990377952)
MO,Missouri,Clay,29047,259772,10.8,37.4,8.0,14.2,11.1,POINT (-94.4210331336803 39.3107773132823)
MS,Mississippi,Wilkinson,28157,8058,20.6,47.4,14.3,20.6,33.1,POINT (-91.3113983017399 31.1607749386327)
KS,Kansas,McPherson,20113,30091,10.5,37.0,7.9,13.6,10.1,POINT (-97.6478291852598 38.3916615433825)
CO,Colorado,Crowley,8025,5636,11.0,31.7,21.1,18.0,,POINT (-103.783859331121 38.3263545617782)
AR,Arkansas,Mississippi,5093,38663,15.2,46.6,12.5,18.8,25.3,POINT (-90.0522615520211 35.7624152398424)
IL,Illinois,McHenry,17111,312800,10.5,32.1,7.9,11.5,11.1,POINT (-88.452330230929 42.3244326576623)
FL,Florida,Indian River,12061,169795,14.3,26.6,12.2,11.5,,POINT (-80.6056426514632 27.6940949646955)
WA,Washington,Kitsap,53035,277658,9.8,31.8,7.0,10.4,,POINT (-122.673454976008 47.6133926334319)
VA,Virginia,Alleghany,51005,14595,15.1,39.0,8.8,16.6,13.1,POINT (-80.0064556036248 37.7878977742435)
GA,Georgia,Atkinson,13003,8293,18.0,44.0,25.2,22.0,31.5,POINT (-82.8795983686044 31.2973133737422)
VT,Vermont,Essex,50009,6010,12.5,34.2,8.1,16.3,,POINT (-71.736101507145 44.7280066045852)
MT,Montana,Meagher,30059,2071,12.5,32.3,8.8,13.3,10.3,POINT (-110.88573703225 46.5983402499569)
AR,Arkansas,Yell,5149,20044,14.7,42.0,15.3,18.4,20.2,POINT (-93.4103078380225 35.002782920903)
WI,Wisconsin,Sauk,55111,65920,12.3,40.4,8.0,14.9,11.5,POINT (-89.9480570627182 43.4268791076475)
ND,North Dakota,Dunn,38025,4019,11.5,36.7,7.8,14.8,11.3,POINT (-102.618267955259 47.3566450598152)
NE,Nebraska,Wayne,31179,9874,9.7,37.3,8.9,12.0,11.8,POINT (-97.1192717308651 42.2093316511452)
AL,Alabama,Randolph,1111,22786,16.1,37.8,10.2,16.9,19.2,POINT (-85.4593334042301 33.293864006059)
ND,North Dakota,Pierce,38069,3902,12.1,40.7,7.0,14.2,10.7,POINT (-99.9717928450747 48.2496089193357)
AR,Arkansas,Baxter,5005,42875,15.0,37.7,10.0,16.6,15.2,POINT (-92.3369593879758 36.2869936509323)
IL,Illinois,Henderson,17071,6088,14.1,38.6,7.6,15.1,12.7,POINT (-90.9250782416312 40.8180498314021)
NY,New York,Lewis,36049,26548,11.8,40.9,6.2,15.1,13.7,POINT (-75.448690709062 43.7850080007458)
GA,Georgia,Brantley,13025,18401,14.4,39.0,14.4,19.6,18.4,POINT (-81.9816946940662 31.1969130783185)
TX,Texas,Galveston,48167,361744,12.3,34.0,15.0,12.3,,POINT (-94.9597574835982 29.3894859342215)
AR,Arkansas,Pulaski,5119,400009,12.9,40.5,10.4,13.4,18.5,POINT (-92.3119548341849 34.7700394452014)
TN,Tennessee,Bedford,47003,53055,13.5,44.4,15.1,19.4,,POINT (-86.4592906261335 35.5134252888524)
AR,Arkansas,Greene,5055,46743,12.5,42.3,11.2,18.5,18.0,POINT (-90.5590804450475 36.1176154800063)
WV,West Virginia,Gilmer,54021,7254,15.5,42.9,11.4,20.7,19.8,POINT (-80.8565551863755 38.9243479452265)
MI,Michigan,Branch,26023,45215,13.3,36.0,8.7,18.0,17.0,POINT (-85.0591029060109 41.916103026926)
TX,Texas,Wharton,48481,41739,15.0,40.0,21.3,14.2,,POINT (-96.222100004124 29.2777863659178)
NM,New Mexico,San Miguel,35047,26668,17.1,37.3,20.1,11.6,24.0,POINT (-104.815744027086 35.4805111937792)
MO,Missouri,Greene,29077,304611,11.0,36.7,8.4,15.4,13.4,POINT (-93.3419574712043 37.2580255788825)
OH,Ohio,Williams,39171,36591,14.4,40.6,9.0,17.8,13.9,POINT (-84.5878774120262 41.560269481809)
IN,Indiana,Henry,18065,48929,13.5,43.7,8.5,18.0,14.4,POINT (-85.3964926671803 39.9310913829344)
GA,Georgia,Clay,13061,2853,21.5,41.2,14.5,17.2,25.9,POINT (-84.9792463725169 31.6261945164247)
WY,Wyoming,Sheridan,56033,32519,10.9,30.6,9.7,12.9,,POINT (-106.87999955798 44.7906982747118)
IN,Indiana,Washington,18175,28205,14.7,41.5,9.0,19.8,15.6,POINT (-86.1051677230078 38.5998424246535)
IN,Indiana,Vermillion,18165,15417,14.3,40.6,8.1,18.6,14.4,POINT (-87.4640232421522 39.8540417175235)
TX,Texas,Andrews,48003,18664,12.7,36.7,25.9,14.5,,POINT (-102.637659667666 32.3048845589417)
SD,South Dakota,Perkins,46105,2834,14.3,36.0,8.4,16.0,,POINT (-102.4744334247 45.4903187523308)
AL,Alabama,Dallas,1047,36165,22.4,46.3,12.3,19.5,34.0,POINT (-87.1065206124462 32.3258306814392)
MO,Missouri,Nodaway,29147,20695,10.6,36.1,8.2,14.7,12.9,POINT (-94.8832342053008 40.3608749796884)
VA,Virginia,Lynchburg,51680,79535,11.0,36.4,8.9,12.3,16.2,POINT (-79.1900223169948 37.4000094023824)
OK,Oklahoma,Custer,40039,28266,11.8,41.0,12.0,15.4,18.7,POINT (-99.0014382075911 35.6388260290226)
SD,South Dakota,Harding,46063,1324,11.2,35.3,7.5,13.3,,POINT (-103.494393539516 45.580166949972)
WI,Wisconsin,Marinette,55075,42106,13.9,37.8,7.7,16.1,12.1,POINT (-88.0335910948551 45.3828910098394)
TN,Tennessee,Cumberland,47035,64760,17.3,39.5,11.5,19.4,,POINT (-84.998350915423 35.9502035602926)
VA,Virginia,Radford,51750,16971,9.2,34.4,9.2,14.0,18.4,POINT (-80.5568534112301 37.1235124820032)
ND,North Dakota,Grand Forks,38035,72708,9.1,35.2,7.1,11.3,10.7,POINT (-97.4570319637973 47.9218683794725)
AL,Alabama,Chambers,1017,34079,17.9,41.5,11.5,17.7,24.6,POINT (-85.3917577489906 32.9141677822456)
NY,New York,Niagara,36063,209457,11.3,39.5,5.8,13.7,13.4,POINT (-78.7453321619224 43.200002130304)
AK,Alaska,Dillingham,2070,4607,13.0,38.5,13.3,25.7,27.5,POINT (-158.236178154164 59.7978171220014)
WA,Washington,Benton,53005,215219,10.4,36.2,10.6,10.4,,POINT (-119.511240620845 46.2396256458377)
MO,Missouri,Bates,29013,16242,13.8,41.2,10.1,20.5,15.9,POINT (-94.3401998684452 38.257407219568)
NE,Nebraska,Gage,31067,21634,12.6,41.8,8.9,15.8,11.9,POINT (-96.6894103367667 40.2618261049552)
OH,Ohio,Hocking,39073,27540,15.7,36.1,8.7,20.5,15.9,POINT (-82.4790929531545 39.4970988676517)
SD,South Dakota,Douglas,46043,2838,13.6,35.1,9.3,15.8,,POINT (-98.36626827691 43.3869320061821)
TN,Tennessee,Johnson,47091,18375,17.5,40.0,14.2,23.2,,POINT (-81.8519837023031 36.4545547667015)
UT,Utah,Garfield,49017,5314,11.6,28.6,9.0,9.3,11.1,POINT (-111.443307900102 37.854674848731)
ID,Idaho,Cassia,16031,25696,11.0,37.5,15.8,13.0,17.1,POINT (-113.601171772012 42.2836888706219)
UT,Utah,San Juan,49037,14358,15.4,34.2,12.0,15.7,25.6,POINT (-109.804477721205 37.6260460339073)
CO,Colorado,Otero,8089,18136,14.5,34.6,18.8,15.3,,POINT (-103.717022312193 37.9021617548008)
AR,Arkansas,Carroll,5015,28814,15.0,37.6,13.7,17.0,18.0,POINT (-93.5382990189827 36.340959511681)
AL,Alabama,Shelby,1117,233000,11.2,31.7,7.1,10.5,11.1,POINT (-86.6608662882591 33.2645243865867)
KS,Kansas,Elk,20049,2467,15.8,40.5,9.5,18.4,14.6,POINT (-96.243708914227 37.4533832396967)
FL,Florida,Santa Rosa,12113,203162,10.9,32.1,10.8,13.4,,POINT (-87.0219379816929 30.7003170541744)
CA,California,Sonoma,6097,481812,10.7,26.1,8.4,10.6,12.5,POINT (-122.887568125266 38.5287343227086)
CO,Colorado,Alamosa,8003,16655,11.3,30.3,18.0,12.7,,POINT (-105.78848300659 37.5728638541496)
VA,Virginia,Westmoreland,51193,19013,18.3,41.0,11.2,17.1,18.8,POINT (-76.8022000014334 38.1119026327638)
SD,South Dakota,Jerauld,46073,1660,13.8,35.6,8.9,14.5,,POINT (-98.629623896685 44.0663241605135)
ND,North Dakota,Walsh,38099,10305,12.4,35.8,9.9,14.8,12.3,POINT (-97.7214186819972 48.3694863577566)
GA,Georgia,Dodge,13091,19776,16.7,40.4,14.9,18.7,22.9,POINT (-83.1684910656793 32.1719787064164)
GA,Georgia,Rockdale,13247,95987,17.0,39.0,13.6,14.1,22.7,POINT (-84.0269604060342 33.6543894732027)
TX,Texas,Jim Hogg,48247,4720,22.8,44.7,40.6,17.2,,POINT (-98.6972817085145 27.0434461353436)
NJ,New Jersey,Bergen,34003,957736,9.7,25.6,9.8,8.4,10.7,POINT (-74.0742715882702 40.959794755106)
CA,California,Marin,6041,254407,10.2,21.3,5.5,8.2,8.8,POINT (-122.72355494043 38.0735138436081)
IL,Illinois,Ogle,17141,51265,12.2,40.9,8.9,14.0,13.1,POINT (-89.3207025886073 42.042663795913)
MI,Michigan,Newaygo,26123,51108,13.2,37.8,8.0,18.0,16.1,POINT (-85.800846471442 43.5540671108031)
TN,Tennessee,Hamilton,47065,379864,12.7,34.5,10.7,15.4,,POINT (-85.1641327091536 35.1812133560926)
MS,Mississippi,Lauderdale,28075,70527,16.7,42.1,12.0,18.5,24.9,POINT (-88.6624847523021 32.4042972809531)
KS,Kansas,Harvey,20079,33504,12.2,36.5,9.8,13.8,12.0,POINT (-97.4272616589025 38.0431104082728)
SC,South Carolina,Chesterfield,45025,44031,18.1,45.2,15.5,18.1,26.7,POINT (-80.1588731867944 34.639803765771)
MI,Michigan,Sanilac,26151,40368,13.8,40.0,7.7,17.9,15.3,POINT (-82.820389178865 43.4235105284131)
OK,Oklahoma,Rogers,40131,100248,12.4,40.1,9.0,15.7,14.6,POINT (-95.6042495763961 36.37159098599)
TX,Texas,Crane,48103,4574,15.0,39.7,30.5,14.3,,POINT (-102.515175576742 31.4287016784355)
OH,Ohio,Erie,39043,74035,14.4,40.1,7.7,14.9,12.8,POINT (-82.6382293326083 41.3742735650267)
NE,Nebraska,Keith,31101,8113,13.2,35.4,9.4,14.0,11.2,POINT (-101.661634455601 41.1989355357846)
ME,Maine,Washington,23029,31555,14.9,39.8,9.6,18.3,14.6,POINT (-67.6293632313936 45.021838234264)
GA,Georgia,Lincoln,13181,7879,18.2,38.0,13.1,18.0,19.9,POINT (-82.4512209392449 33.7932999440969)
SC,South Carolina,Williamsburg,45089,29891,20.4,45.0,15.5,17.5,30.1,POINT (-79.7276057394786 33.6198225875476)
OK,Oklahoma,Harper,40059,3190,14.0,39.4,13.8,16.2,17.4,POINT (-99.6673226920585 36.7888259275223)
TX,Texas,Madison,48313,13742,13.1,37.1,21.3,16.2,,POINT (-95.9269805471316 30.9654128932374)
OK,Oklahoma,Muskogee,40101,66677,15.2,41.5,12.1,20.7,23.6,POINT (-95.3797854950482 35.6164240462291)
MD,Maryland,St. Mary's,24037,115281,11.4,37.4,7.6,12.7,12.1,POINT (-76.605795271699 38.3013809700825)
MT,Montana,Chouteau,30015,5847,12.2,35.6,10.3,16.6,14.8,POINT (-110.435460878256 47.880531571301)
IN,Indiana,Posey,18129,25040,12.9,40.4,6.8,15.3,10.9,POINT (-87.8686531082596 38.0219288739824)
CO,Colorado,Hinsdale,8053,765,10.0,23.5,6.0,8.4,,POINT (-107.300359047708 37.82133017176)
FL,Florida,Taylor,12123,21582,15.9,40.8,15.8,19.2,,POINT (-83.6031369466276 30.0471436713506)
OR,Oregon,Lincoln,41041,50821,14.9,35.7,8.3,13.6,,POINT (-123.868418235654 44.6417855618149)
MO,Missouri,Dade,29057,7716,16.0,40.7,9.6,20.9,16.1,POINT (-93.8503181583382 37.4320562427392)
KS,Kansas,Chautauqua,20019,3347,15.2,40.4,10.7,19.1,16.3,POINT (-96.2453754320248 37.1499822099907)
NE,Nebraska,Boone,31011,5310,12.7,33.1,9.2,14.8,11.4,POINT (-98.0670398397718 41.7067895094831)
VA,Virginia,Shenandoah,51171,45228,14.1,36.2,10.4,15.9,13.8,POINT (-78.571141564173 38.8579743902771)
OH,Ohio,Stark,39151,372716,13.7,40.4,7.8,17.1,13.2,POINT (-81.3654802311805 40.8137809427166)
OH,Ohio,Marion,39101,64851,14.8,44.2,9.5,19.6,16.1,POINT (-83.1608334768194 40.5872736718226)
IA,Iowa,Hardin,19083,16463,12.9,38.9,7.5,16.2,12.0,POINT (-93.2403980725192 42.383903478645)
IL,Illinois,Stark,17175,5218,12.7,38.2,7.8,15.1,12.9,POINT (-89.7976449615692 41.0932041768301)
FL,Florida,Hendry,12051,43333,16.8,37.6,31.5,17.4,,POINT (-81.1656946599271 26.5534136526158)
NC,North Carolina,Alexander,37003,36473,12.7,36.5,11.1,16.8,14.8,POINT (-81.1770332718611 35.9204725331462)
ND,North Dakota,Stark,38089,33001,9.5,37.4,8.5,14.1,11.4,POINT (-102.655043116578 46.8106409409199)
MI,Michigan,Schoolcraft,26153,8149,15.8,40.3,7.0,18.1,16.0,POINT (-86.1998498718029 46.1966612517026)
RI,Rhode Island,Newport,44005,83832,10.3,27.4,5.4,9.2,8.7,POINT (-71.2390684086213 41.5566741642743)
TX,Texas,Sterling,48431,1397,10.5,33.2,15.6,11.2,,POINT (-101.050074584309 31.8278191237971)
HI,Hawaii,Honolulu,15003,989408,12.4,25.3,5.2,9.8,16.9,POINT (-157.974693402227 21.4587970621318)
TN,Tennessee,Morgan,47129,21573,14.8,43.4,13.4,22.2,,POINT (-84.6487183067747 36.135200185636)
TX,Texas,Refugio,48391,6666,17.6,39.7,24.3,15.0,,POINT (-97.1600684538259 28.3260568643539)
MS,Mississippi,Leflore,28083,26378,20.9,43.4,14.6,20.9,37.5,POINT (-90.3012066422155 33.5506161433252)
MS,Mississippi,Leake,28079,21258,17.0,42.8,13.6,19.3,26.3,POINT (-89.5239889409247 32.7536024610201)
VA,Virginia,Bristol,51520,16807,14.8,39.2,9.6,17.2,15.6,POINT (-82.1622447175449 36.6169462478962)
TX,Texas,Hardeman,48197,3490,15.2,37.6,17.5,15.8,,POINT (-99.7457296802433 34.2902903445807)
ND,North Dakota,Benson,38005,5745,15.4,43.3,9.8,22.0,23.5,POINT (-99.3657508558668 48.069371377325)
UT,Utah,Box Elder,49003,62684,9.3,32.6,10.3,9.8,12.6,POINT (-113.082107285331 41.5209589223232)
GA,Georgia,Ware,13299,36243,16.8,41.3,16.4,19.6,24.6,POINT (-82.4236222762369 31.0547069599296)
ND,North Dakota,McLean,38055,9832,12.1,40.2,6.6,13.6,9.1,POINT (-101.321970767791 47.6070012811029)
AK,Alaska,Kodiak Island,2150,12565,9.8,31.5,10.5,15.0,14.7,POINT (-153.789812278338 57.6808874751479)
IN,Indiana,Delaware,18035,112321,13.5,36.6,8.3,16.8,16.4,POINT (-85.3968769812267 40.2275345893972)
CA,California,Napa,6055,133216,11.4,27.9,9.7,10.4,13.9,POINT (-122.330692396629 38.5067022702407)
LA,Louisiana,St. James,22093,19191,16.5,43.7,7.8,16.5,21.5,POINT (-90.792998137832 30.026880112286)
MT,Montana,Flathead,30029,113679,9.3,31.2,9.0,12.8,10.1,POINT (-114.049221286794 48.2950545655515)
SD,South Dakota,Stanley,46117,3043,11.1,35.2,7.1,13.4,,POINT (-100.735860132134 44.4124120835504)
IA,Iowa,Buchanan,19019,20691,11.1,37.6,6.4,15.3,10.4,POINT (-91.8374750492687 42.4709698505337)
CO,Colorado,Montezuma,8083,26531,11.8,28.4,10.8,14.7,,POINT (-108.5965947187 37.3388455453748)
TX,Texas,Dickens,48125,1711,16.7,37.5,18.7,15.1,,POINT (-100.77888550046 33.6161682203938)
LA,Louisiana,Allen,22003,22112,15.3,44.2,11.7,21.7,26.4,POINT (-92.8282364115945 30.6527548508191)
NC,North Carolina,Caswell,37033,22807,15.5,39.3,11.8,16.9,19.1,POINT (-79.333539673756 36.393167608535)
ND,North Dakota,Divide,38023,2135,12.6,37.4,7.6,14.1,10.4,POINT (-103.487209803816 48.8149695350934)
OK,Oklahoma,Carter,40019,48596,13.7,39.7,11.1,18.0,19.5,POINT (-97.2858375656003 34.2509159186175)
VA,Virginia,Hampton,51650,137098,15.0,40.3,9.7,14.1,19.5,POINT (-76.3626578757798 37.0558810818872)
OH,Ohio,Tuscarawas,39157,91874,13.6,43.4,9.1,17.5,14.3,POINT (-81.4739039664201 40.4409826688981)
OR,Oregon,Deschutes,41017,208513,10.2,27.2,6.8,10.6,,POINT (-121.227947893001 43.9148299481706)
LA,Louisiana,East Feliciana,22037,19229,16.1,42.2,8.8,18.3,22.2,POINT (-91.0454117732929 30.845210865263)
AR,Arkansas,Lincoln,5079,12898,13.8,42.6,14.7,19.9,24.6,POINT (-91.7344327594591 33.9569870088292)
SD,South Dakota,Charles Mix,46023,9240,15.3,40.4,10.3,20.4,,POINT (-98.5876522699793 43.2078241837757)
CO,Colorado,Saguache,8109,6688,15.1,29.1,15.8,14.6,,POINT (-106.281125358106 38.080485475829)
MN,Minnesota,Kanabec,27065,16602,12.8,37.6,8.5,17.8,13.6,POINT (-93.2932520851074 45.945210887007)
IL,Illinois,Edwards,17047,5968,14.1,40.3,8.3,17.3,15.5,POINT (-88.053269013281 38.415936548251)
MT,Montana,Roosevelt,30085,10319,14.1,41.0,12.9,23.4,27.9,POINT (-105.016582771659 48.2944953989966)
OH,Ohio,Morgan,39115,13646,16.0,41.1,8.8,19.5,15.5,POINT (-81.8538156975972 39.6205109466093)
IN,Indiana,Montgomery,18107,38573,13.5,39.2,9.1,17.5,14.6,POINT (-86.8933418094608 40.0403856714469)
MO,Missouri,Crawford,29055,22719,14.1,41.9,10.2,20.3,15.4,POINT (-91.3041232404893 37.9765122409823)
NH,New Hampshire,Strafford,33017,133243,8.6,32.4,6.7,10.7,10.0,POINT (-71.0288452054873 43.296922710922)
TN,Tennessee,Van Buren,47175,6493,16.0,39.2,12.3,21.1,,POINT (-85.4530835156468 35.6957079836942)
TX,Texas,Mason,48319,3931,14.4,33.5,14.4,11.5,,POINT (-99.2261459590745 30.717708287216)
GA,Georgia,Franklin,13119,24782,14.7,39.0,14.1,17.9,18.7,POINT (-83.2291794412893 34.3756736821183)
CT,Connecticut,South Central Connecticut,9170,568158,10.4,33.4,10.1,10.8,15.7,POINT (-72.8438185185228 41.3613093948936)
NE,Nebraska,Pierce,31139,7299,10.9,38.9,7.9,13.7,10.1,POINT (-97.6012319722309 42.2643702035229)
MI,Michigan,Luce,26095,6435,14.1,40.9,8.2,18.1,17.8,POINT (-85.5444333572928 46.4705577788909)
MO,Missouri,Ste. Genevieve,29186,18642,12.5,37.2,8.4,17.1,12.1,POINT (-90.1945976236472 37.8943240271323)
NC,North Carolina,Northampton,37131,16715,20.3,42.7,11.7,17.2,23.9,POINT (-77.3963332385957 36.4178811426774)
SD,South Dakota,Edmunds,46045,4057,12.4,33.7,7.6,14.7,,POINT (-99.2153509873783 45.4186211046117)
NE,Nebraska,Dawes,31045,8133,10.6,35.5,7.8,12.3,11.2,POINT (-103.135412749731 42.7200608375704)
OK,Oklahoma,Ellis,40045,3648,14.1,39.6,10.6,16.4,15.1,POINT (-99.7547202594407 36.2183250916209)
TX,Texas,Bandera,48019,22637,15.7,35.5,14.1,13.9,,POINT (-99.2461161455462 29.7470267929359)
GA,Georgia,DeKalb,13089,762992,13.0,31.8,11.9,11.5,17.4,POINT (-84.2263845160089 33.7713752418002)
IA,Iowa,Harrison,19085,14670,12.5,35.2,6.7,15.8,11.2,POINT (-95.8167226043331 41.6829636707622)
GA,Georgia,Carroll,13045,127098,12.8,34.2,13.9,16.1,18.1,POINT (-85.0798243523077 33.582899616985)
AL,Alabama,Jefferson,1073,662895,15.1,37.4,9.1,13.7,20.1,POINT (-86.896632302754 33.554557948471)
KS,Kansas,Reno,20155,61497,13.2,44.0,10.2,16.9,14.4,POINT (-98.086052460433 37.9529762618218)
WA,Washington,Skamania,53059,12640,11.2,32.8,7.3,12.0,,POINT (-121.914619958321 46.02307583419)
KS,Kansas,Miami,20121,35320,10.8,35.0,7.7,13.8,9.6,POINT (-94.8381736354234 38.5636783083396)
AR,Arkansas,Polk,5113,19436,15.5,40.0,11.7,18.6,18.4,POINT (-94.2282210393227 34.4858592435429)
IA,Iowa,Howard,19089,9376,12.4,38.0,7.5,16.6,12.0,POINT (-92.3171182025825 43.356772932656)
CO,Colorado,Dolores,8033,2513,11.5,27.3,10.2,14.9,,POINT (-108.517382189661 37.7520546286538)
AR,Arkansas,Jefferson,5069,63661,17.6,45.9,12.1,17.3,27.2,POINT (-91.9306504433258 34.2684876070299)
MA,Massachusetts,Norfolk,25021,727473,9.0,23.5,3.8,9.2,9.4,POINT (-71.2079315371717 42.1619857272555)
OR,Oregon,Marion,41047,346741,12.5,43.4,12.3,12.4,,POINT (-122.584363912766 44.9033832526733)
AL,Alabama,Geneva,1061,26988,16.4,42.3,11.8,19.4,20.9,POINT (-85.8396481010202 31.0950365894133)
MO,Missouri,Madison,29123,12698,13.2,37.7,9.6,19.3,14.2,POINT (-90.3449925444979 37.4780468766804)
MN,Minnesota,Wadena,27159,14241,12.7,38.4,8.8,17.2,13.9,POINT (-94.9695492629098 46.5858860394597)
AL,Alabama,Morgan,1103,125133,14.7,38.6,11.2,16.1,17.9,POINT (-86.8530296512976 34.453569812448)
MT,Montana,Liberty,30051,1974,13.1,34.0,11.8,17.7,16.6,POINT (-111.023099146745 48.5619202566566)
IA,Iowa,Delaware,19055,17600,12.5,39.7,7.0,16.3,11.7,POINT (-91.3670993505697 42.471259321315)
TN,Tennessee,White,47185,28692,15.6,39.7,13.0,22.1,,POINT (-85.4547326738856 35.9262298617903)
WI,Wisconsin,Richland,55103,17197,13.6,37.5,8.7,16.4,13.1,POINT (-90.4295276874604 43.375594361217)
MO,Missouri,Warren,29219,37806,12.3,39.0,8.9,17.1,12.7,POINT (-91.1607703978318 38.7645744472985)
MN,Minnesota,Renville,27129,14348,13.1,38.8,9.8,16.6,13.3,POINT (-94.9467488296717 44.7268324539775)
TX,Texas,Franklin,48159,10735,13.0,35.3,12.5,13.1,,POINT (-95.218562136449 33.1757036707702)
VA,Virginia,Waynesboro,51820,23182,13.2,38.6,10.3,15.2,15.1,POINT (-78.9005257971056 38.0683570399793)
GA,Georgia,Burke,13033,24438,18.3,40.1,15.0,19.0,25.9,POINT (-82.00069347969 33.0613394728213)
NY,New York,Schenectady,36093,159902,10.2,34.3,6.2,12.1,14.0,POINT (-74.0585539957587 42.818072641015)
VT,Vermont,Orange,50017,29943,9.7,32.6,6.1,12.1,,POINT (-72.3767652710136 44.0056456103238)
TX,Texas,Somervell,48425,9888,12.3,34.3,13.4,13.4,,POINT (-97.7746942699645 32.2223111775323)
IA,Iowa,Marshall,19127,40014,12.7,44.1,11.0,15.2,14.7,POINT (-92.998918907373 42.0358562892841)
CO,Colorado,Huerfano,8055,7055,13.9,27.5,13.4,12.9,,POINT (-104.960396570107 37.6847024312254)
CA,California,Butte,6007,207172,10.7,29.3,8.3,12.8,16.1,POINT (-121.60115169224 39.6663795928272)
ND,North Dakota,Golden Valley,38033,1743,13.7,37.6,7.6,15.6,11.5,POINT (-103.846613268804 46.9402478503952)
MI,Michigan,Presque Isle,26141,13285,15.6,40.9,6.5,16.3,13.5,POINT (-83.9181089917579 45.3402786999945)
NC,North Carolina,Watauga,37189,54748,9.8,33.0,8.8,12.3,13.1,POINT (-81.6965516146841 36.2310171963868)
MO,Missouri,Hickory,29085,8718,19.7,43.0,10.7,23.2,19.1,POINT (-93.3206021082555 37.9409307564878)
AR,Arkansas,Washington,5143,261549,10.1,35.4,12.7,13.4,17.0,POINT (-94.2156793425187 35.9788480792297)
AL,Alabama,Covington,1039,37952,16.3,37.9,10.4,17.6,19.0,POINT (-86.451444907521 31.2486200676573)
LA,Louisiana,Morehouse,22067,23955,20.3,44.8,10.8,23.0,33.7,POINT (-91.8017887618727 32.8198832808812)
NE,Nebraska,Clay,31035,6116,11.8,40.1,9.6,14.9,11.7,POINT (-98.0513042084364 40.5244040381913)
GA,Georgia,Coffee,13069,43317,16.1,39.3,19.0,20.7,27.6,POINT (-82.8493988376197 31.5492785823229)
WY,Wyoming,Natrona,56025,79941,11.1,36.6,11.6,14.9,,POINT (-106.798428990807 42.9624387201285)
MI,Michigan,Cheboygan,26031,26048,14.6,41.1,6.8,16.7,14.3,POINT (-84.4999100423814 45.4468981594658)
IN,Indiana,Whitley,18183,34742,12.6,39.7,7.6,15.8,11.8,POINT (-85.5049954942885 41.1392446489357)
OH,Ohio,Auglaize,39011,46050,12.2,39.5,7.2,15.3,10.7,POINT (-84.2217028293862 40.5608789781255)
IA,Iowa,Polk,19153,505255,10.1,37.0,7.5,13.3,12.5,POINT (-93.573526118271 41.6854989182508)
NV,Nevada,Lincoln,32017,4452,11.8,31.6,9.4,15.0,12.1,POINT (-114.877260167414 37.6434139651124)
TX,Texas,Willacy,48489,20037,18.8,43.2,40.8,16.4,,POINT (-97.6596738477396 26.4696396211286)
IA,Iowa,Plymouth,19149,25722,11.2,39.4,7.0,14.5,10.3,POINT (-96.2141312816604 42.7377983230567)
MS,Mississippi,Webster,28155,9988,13.7,36.5,10.7,16.9,17.1,POINT (-89.2850039223737 33.6131371808614)
FL,Florida,Pinellas,12103,961596,13.1,31.5,11.5,12.2,,POINT (-82.7301572394225 27.9264311887689)
TX,Texas,Hopkins,48223,38172,13.4,37.5,16.1,15.5,,POINT (-95.5639385423983 33.1495667219792)
IL,Illinois,Calhoun,17013,4317,11.9,35.3,6.4,12.9,9.8,POINT (-90.6674655170248 39.1691172596938)
WI,Wisconsin,Door,55029,30562,13.0,36.6,6.3,11.9,8.4,POINT (-87.3114193001272 44.9500144269812)
IN,Indiana,Jasper,18073,33535,12.7,40.2,8.4,15.8,12.0,POINT (-87.1160051742917 41.0230925834005)
ID,Idaho,Butte,16023,2758,15.2,35.5,13.1,17.3,18.4,POINT (-113.172240946054 43.7230523109228)
WV,West Virginia,Logan,54045,30827,18.2,45.0,10.1,24.0,20.2,POINT (-81.9348841877201 37.8310559953658)
CO,Colorado,Teller,8119,24617,10.2,24.1,7.6,11.3,,POINT (-105.161681803813 38.8823103008979)
MS,Mississippi,Jones,28067,66250,16.0,41.6,11.9,17.6,21.6,POINT (-89.1688244706911 31.6225661020682)
NY,New York,Nassau,36059,1381715,10.1,28.4,6.0,8.5,11.2,POINT (-73.586732622053 40.7356883467943)
CA,California,Merced,6047,291920,13.0,33.8,18.2,14.1,28.7,POINT (-120.717750083358 37.1917830406782)
TX,Texas,Trinity,48455,14228,16.4,37.7,14.5,16.8,,POINT (-95.1359195310631 31.0883554818794)
UT,Utah,Tooele,49045,82051,8.9,37.6,10.7,9.5,12.7,POINT (-113.131050910003 40.4486328626382)
FL,Florida,Brevard,12009,643979,13.1,34.0,11.6,12.5,,POINT (-80.7322290402972 28.2934562139849)
CO,Colorado,Pitkin,8097,16640,8.4,20.7,6.9,8.3,,POINT (-106.915848520369 39.2174583094125)
AZ,Arizona,Pima,4019,1063162,11.0,31.1,12.7,10.5,14.5,POINT (-111.790179841763 32.0975237350697)
CA,California,Trinity,6105,15670,15.9,33.3,7.0,16.9,16.8,POINT (-123.11262600912 40.6509037984655)
CA,California,Ventura,6111,829590,11.4,25.7,10.3,10.4,15.3,POINT (-119.084850170138 34.4542154266373)
AL,Alabama,Blount,1009,59816,13.8,36.1,11.5,16.6,16.7,POINT (-86.5674545509626 33.9808484356408)
OK,Oklahoma,Stephens,40137,44014,14.2,39.1,11.3,18.6,18.6,POINT (-97.8514902603773 34.4856199944378)
AR,Arkansas,Conway,5029,21077,15.6,41.4,11.2,18.8,20.5,POINT (-92.701239973211 35.2625436321328)
KS,Kansas,Ford,20057,33980,13.1,39.1,21.9,15.5,23.2,POINT (-99.8881356266966 37.6918220146575)
IA,Iowa,Buena Vista,19021,20567,13.0,38.1,12.8,15.6,18.0,POINT (-95.1507914429993 42.7354705889811)
NC,North Carolina,Wilson,37195,78970,16.8,38.4,13.8,18.0,24.9,POINT (-77.9185488995394 35.7052197078408)
AR,Arkansas,Fulton,5049,12421,17.1,39.6,11.3,20.4,20.0,POINT (-91.817888079321 36.3816206347765)
MN,Minnesota,Mille Lacs,27095,27427,12.0,38.5,8.3,17.5,13.8,POINT (-93.630079560302 45.9379628282589)
MI,Michigan,Wayne,26163,1751169,14.3,37.4,8.1,16.9,23.5,POINT (-83.2821975006382 42.2817659645939)
FL,Florida,Gilchrist,12041,19587,12.8,34.5,14.0,17.0,,POINT (-82.8005068163017 29.7256259792594)
NM,New Mexico,Otero,35035,68835,12.7,37.1,15.7,14.9,22.3,POINT (-105.741478524611 32.6132896393527)
MO,Missouri,Buchanan,29021,82956,13.0,42.9,10.6,18.6,16.1,POINT (-94.8058879359466 39.6597323205238)
NE,Nebraska,Antelope,31003,6302,12.9,42.4,8.7,14.4,11.0,POINT (-98.0666055560405 42.1769700413297)
SC,South Carolina,Dillon,45033,27698,20.3,45.3,16.6,21.0,33.8,POINT (-79.3786776187138 34.3915895870887)
OK,Oklahoma,Okfuskee,40107,11300,17.3,45.8,13.5,24.4,27.5,POINT (-96.3229765670067 35.4655066007963)
GA,Georgia,Quitman,13239,2280,23.6,42.3,15.3,19.3,25.9,POINT (-85.0189983914636 31.8659717322447)
CO,Colorado,Garfield,8045,62707,8.9,24.0,13.8,12.2,,POINT (-107.902832233474 39.5991303693962)
FL,Florida,Levy,12075,46545,16.1,33.8,15.5,17.8,,POINT (-82.7424033737084 29.3191355718998)
AK,Alaska,Juneau,2110,31555,8.9,35.0,8.5,13.9,11.5,POINT (-134.172902838081 58.4491350384727)
IA,Iowa,Cerro Gordo,19033,42406,12.5,40.1,7.1,15.5,11.2,POINT (-93.2607681251857 43.0815719982404)
CA,California,El Dorado,6017,192215,10.8,27.7,5.7,10.4,10.3,POINT (-120.524584137234 38.7786875121222)
TX,Texas,Terry,48445,11547,16.4,40.7,29.2,16.7,,POINT (-102.335292303476 33.1739784521268)
GA,Georgia,Early,13099,10563,18.9,40.7,15.4,18.8,27.1,POINT (-84.9030717223514 31.3232131428873)
MN,Minnesota,Dodge,27039,21088,9.6,35.2,7.1,13.5,9.5,POINT (-92.862155000453 44.0225094597184)
NE,Nebraska,Grant,31075,565,12.1,36.5,7.3,13.3,9.5,POINT (-101.740672839089 41.9152729919026)
OH,Ohio,Fulton,39051,42007,13.3,37.0,8.5,15.1,12.1,POINT (-84.1297060031289 41.6019480693719)
TX,Texas,Concho,48095,3297,14.2,37.1,23.7,15.8,,POINT (-99.8639438228882 31.3266769939656)
MO,Missouri,Ozark,29153,8970,18.3,42.5,11.2,23.1,18.8,POINT (-92.4446935899053 36.6492921029585)
TX,Texas,Orange,48361,85722,12.4,38.4,13.4,15.7,,POINT (-93.8937229414499 30.1213657594066)
SD,South Dakota,Bennett,46007,3305,18.7,42.4,13.7,28.0,,POINT (-101.664093273179 43.1951098467929)
LA,Louisiana,Vernon,22115,46250,12.5,38.5,10.0,18.3,21.5,POINT (-93.1838589354509 31.1086566367239)
KS,Kansas,Butler,20015,68632,10.7,39.0,8.3,14.4,11.4,POINT (-96.8390701129954 37.7811727404014)
GA,Georgia,Lanier,13173,10452,15.9,40.9,16.4,19.7,24.5,POINT (-83.0633238324948 31.0385537150678)
MS,Mississippi,Carroll,28015,9535,18.6,40.0,13.0,19.4,23.7,POINT (-89.9204270388898 33.4488166190492)
IN,Indiana,Ripley,18137,29227,12.5,36.2,7.7,16.9,12.3,POINT (-85.2622648746429 39.1035416058739)
SD,South Dakota,Potter,46107,2413,13.1,34.8,7.2,13.6,,POINT (-99.9571096504937 45.0644968809684)
NJ,New Jersey,Morris,34027,514423,9.0,22.8,7.9,8.4,8.4,POINT (-74.5446997444167 40.8621583671024)
IL,Illinois,Montgomery,17135,27663,12.6,39.1,8.6,16.1,14.5,POINT (-89.4790825894756 39.2309933254058)
WA,Washington,Cowlitz,53015,112864,11.4,40.5,9.2,13.4,,POINT (-122.681078725344 46.1928570782337)
MI,Michigan,Midland,26111,84039,10.8,31.8,5.8,13.2,11.1,POINT (-84.3881583598671 43.6467992443739)
NE,Nebraska,Lancaster,31109,326716,9.6,34.4,8.7,11.7,11.2,POINT (-96.6877342192377 40.7841315891731)
GA,Georgia,Bleckley,13023,12465,14.7,37.7,13.2,16.6,19.5,POINT (-83.3276896179131 32.4345831509728)
MD,Maryland,Baltimore,24005,844703,13.1,34.0,8.1,11.1,15.6,POINT (-76.635956565388 39.4596984571411)
VA,Virginia,Wise,51195,35174,15.1,43.5,10.9,19.4,17.5,POINT (-82.6217121669072 36.9752077009582)
OH,Ohio,Lorain,39093,317910,14.2,36.8,8.6,15.0,13.7,POINT (-82.1508887298398 41.2956651025634)
SD,South Dakota,Lincoln,46083,73238,8.8,34.9,6.7,11.6,,POINT (-96.7217395498487 43.2788680412912)
TX,Texas,Randall,48381,148255,10.8,35.1,14.0,12.0,,POINT (-101.897013407164 34.9658168884891)
NY,New York,Yates,36123,24472,11.6,33.9,6.8,14.8,14.4,POINT (-77.1047181626433 42.6332600765991)
WV,West Virginia,Pocahontas,54075,7765,19.2,40.6,10.0,22.2,18.4,POINT (-80.0077272427339 38.3316812293055)
IA,Iowa,Grundy,19075,12384,11.1,37.5,5.9,13.9,9.0,POINT (-92.7914478589169 42.4018595971534)
OR,Oregon,Hood River,41027,23745,11.3,31.5,11.3,11.4,,POINT (-121.651188704787 45.519131602258)
KS,Kansas,Osborne,20141,3427,14.0,38.8,8.3,15.7,11.6,POINT (-98.7679100039503 39.3503117317452)
IL,Illinois,Jackson,17077,52141,11.6,39.8,8.4,13.8,18.0,POINT (-89.3823255393244 37.7849171126003)
UT,Utah,Salt Lake,49035,1185813,8.5,29.9,11.6,8.2,13.9,POINT (-111.923821414061 40.6668492908776)
MS,Mississippi,Tishomingo,28141,18507,15.0,39.5,11.6,19.0,18.1,POINT (-88.2392465188954 34.7404341978864)
TX,Texas,Hale,48189,31761,15.6,38.9,28.9,15.7,,POINT (-101.826850260532 34.0704618975684)
GA,Georgia,Union,13291,27124,15.7,34.5,10.7,14.2,11.5,POINT (-83.9906778137302 34.8338420067359)
ND,North Dakota,Traill,38097,7908,10.5,38.2,6.8,12.3,8.9,POINT (-97.1616469360157 47.4540869337137)
IL,Illinois,Williamson,17199,66706,12.4,40.1,7.5,14.7,13.7,POINT (-88.9299128376957 37.730295038346)
IN,Indiana,Floyd,18043,80809,12.5,37.6,7.3,14.9,12.4,POINT (-85.9067422157132 38.3191788839155)
SC,South Carolina,Greenville,45045,558036,12.2,32.5,11.4,11.3,14.8,POINT (-82.3702811193213 34.894356634531)
TX,Texas,Lee,48287,18240,15.4,39.8,18.6,16.4,,POINT (-96.965597939337 30.3108473506794)
LA,Louisiana,St. Mary,22101,47055,18.1,45.0,11.1,21.3,27.5,POINT (-91.4439205879075 29.7050166710498)
WV,West Virginia,Wirt,54105,5000,18.1,42.8,8.6,21.4,16.9,POINT (-81.3786746196863 39.0222609917473)
KS,Kansas,Nemaha,20131,10114,11.4,38.7,8.0,14.7,10.6,POINT (-96.0140421153943 39.7834139462857)
ND,North Dakota,Morton,38059,33895,9.6,38.6,7.1,13.5,9.9,POINT (-101.280867829617 46.7156269060816)
MN,Minnesota,Itasca,27061,45365,13.7,36.0,7.1,16.0,11.6,POINT (-93.6320100361171 47.5091860415008)
OH,Ohio,Darke,39037,51415,14.3,36.4,8.3,17.7,13.6,POINT (-84.61951761493 40.1332727231473)
MT,Montana,Dawson,30021,8810,10.1,32.8,9.0,13.5,10.2,POINT (-104.899485791998 47.2663856745008)
AK,Alaska,Wrangell,2275,2064,12.9,34.8,10.2,17.0,14.0,POINT (-132.033291099899 56.3275352874816)
TX,Texas,Jones,48253,20381,13.0,38.7,22.3,17.1,,POINT (-99.8787874686068 32.7398912663805)
UT,Utah,Davis,49011,373207,8.2,32.7,8.8,7.4,9.6,POINT (-112.111626456113 40.9899407464569)
IA,Iowa,Benton,19011,25796,11.1,40.8,6.1,14.9,9.8,POINT (-92.0656245633104 42.0802644562112)
CO,Colorado,Logan,8075,20619,11.2,29.7,14.7,16.0,,POINT (-103.109509593953 40.7247385423721)
TX,Texas,Scurry,48415,16212,13.6,38.1,21.3,14.2,,POINT (-100.916374490754 32.7461718142865)
IA,Iowa,Winneshiek,19191,19815,10.7,34.7,5.8,12.4,8.7,POINT (-91.8433672820994 43.2907270901496)
NE,Nebraska,Thurston,31173,6557,13.4,45.4,10.9,21.0,23.5,POINT (-96.5439851418501 42.158194061662)
TX,Texas,Brown,48049,38709,14.0,34.9,16.6,15.3,,POINT (-98.9996518461855 31.7744979741381)
KS,Kansas,Harper,20077,5435,14.8,41.9,11.4,19.2,16.5,POINT (-98.0755750479481 37.1916643247939)
GA,Georgia,Chattooga,13055,25222,16.0,35.2,17.2,21.3,22.6,POINT (-85.345236938921 34.4750251859624)
NC,North Carolina,Granville,37077,62192,13.6,36.2,11.6,15.4,18.0,POINT (-78.6528560993089 36.3038620044075)
GA,Georgia,Barrow,13013,92792,12.2,35.3,14.7,15.0,17.3,POINT (-83.7128801451183 33.9928758721442)
IL,Illinois,Franklin,17055,37138,13.9,41.6,8.7,17.7,16.4,POINT (-88.9238685944114 37.9921595158738)
SC,South Carolina,Newberry,45071,38825,16.1,38.1,13.2,15.3,19.9,POINT (-81.6000382404676 34.2898893451519)
IA,Iowa,Jackson,19097,19342,12.7,40.3,6.9,16.3,11.4,POINT (-90.5741475671032 42.1716060690735)
IN,Indiana,Hancock,18059,86166,11.3,39.9,6.7,13.6,9.8,POINT (-85.7732724399987 39.8234613757197)
IN,Indiana,Knox,18083,36070,13.2,36.8,8.3,17.5,14.4,POINT (-87.4186758135076 38.6897913410139)
MI,Michigan,Alpena,26007,28904,14.2,41.3,7.0,17.8,15.4,POINT (-83.628544135156 45.0348307267565)
TN,Tennessee,Roane,47145,56096,14.7,37.0,11.0,18.9,,POINT (-84.523444001418 35.8476810839308)
OR,Oregon,Wallowa,41063,7674,12.6,34.2,6.6,11.8,,POINT (-117.180924426367 45.5797862976086)
KS,Kansas,Trego,20195,2731,12.3,40.5,7.2,13.9,9.3,POINT (-99.8728444769311 38.9146721805298)
FL,Florida,Collier,12021,404310,13.7,26.6,15.2,10.3,,POINT (-81.3476396087672 26.1107666888152)
OH,Ohio,Warren,39165,252148,11.0,32.6,6.0,12.2,9.0,POINT (-84.1666616383255 39.4277223308555)
OK,Oklahoma,Grant,40053,4083,13.5,36.3,9.6,16.9,15.0,POINT (-97.7860574259311 36.7961456261704)
VT,Vermont,Chittenden,50007,169481,6.6,22.7,5.3,8.5,,POINT (-73.0812983340043 44.4613068341921)
MN,Minnesota,Lac qui Parle,27073,6630,12.2,34.0,7.3,14.0,9.7,POINT (-96.1736116223812 44.9958328727359)
GA,Georgia,Houston,13153,171974,13.1,39.7,11.3,13.0,16.0,POINT (-83.6661715185064 32.4584163130638)
WY,Wyoming,Hot Springs,56017,4661,14.5,35.1,10.9,14.9,,POINT (-108.4422998099 43.7189807030553)
NM,New Mexico,Valencia,35061,79141,14.6,35.4,18.6,13.5,23.1,POINT (-106.808801689614 34.715292608863)
NC,North Carolina,Surry,37171,71462,13.7,40.9,12.5,17.1,16.8,POINT (-80.6880595387123 36.4143133430213)
LA,Louisiana,Concordia,22029,17688,19.8,45.6,11.2,22.8,32.3,POINT (-91.6397306853731 31.446018804467)
WV,West Virginia,Morgan,54065,17649,16.8,39.2,8.2,19.4,14.3,POINT (-78.2572007261259 39.5604993870421)
NM,New Mexico,Torrance,35057,15633,16.5,34.5,17.8,17.0,24.6,POINT (-105.850629505811 34.6404731203673)
MI,Michigan,Gratiot,26057,41368,11.6,36.7,8.2,16.6,16.4,POINT (-84.6049687175379 43.2928044923055)
WA,Washington,Grant,53025,102678,11.5,38.7,17.3,12.6,,POINT (-119.45181497833 47.2055949580823)
TN,Tennessee,Anderson,47001,80234,14.1,42.0,11.0,18.5,,POINT (-84.199285311983 36.1186771576853)
MI,Michigan,Iron,26071,11740,15.3,39.0,6.7,16.6,13.9,POINT (-88.5304103392553 46.2088081332416)
ID,Idaho,Gem,16045,21071,11.5,32.9,10.6,12.9,12.1,POINT (-116.399193305642 44.0615850872129)
TN,Tennessee,Haywood,47075,17328,20.7,46.6,15.3,22.9,,POINT (-89.284079406087 35.5828612383322)
LA,Louisiana,Plaquemines,22075,22386,13.8,38.7,9.1,16.8,19.8,POINT (-89.6232796953723 29.4342286484266)
GA,Georgia,Crawford,13079,12277,15.5,37.3,13.3,17.1,17.9,POINT (-83.9862649166093 32.7141953769698)
WI,Wisconsin,Clark,55019,34774,12.5,37.9,11.2,18.3,15.4,POINT (-90.6119521836686 44.7348174112234)
UT,Utah,Wasatch,49051,37144,8.4,24.3,8.4,7.3,8.6,POINT (-111.169276892669 40.3310172811137)
MO,Missouri,Jackson,29095,718560,12.1,37.2,10.0,15.8,16.6,POINT (-94.3462755300452 39.0085044688744)
IA,Iowa,Muscatine,19139,42218,12.3,41.4,10.0,15.9,14.2,POINT (-91.112774938867 41.4838849011589)
VA,Virginia,Dinwiddie,51053,28343,14.7,40.7,8.7,14.6,14.9,POINT (-77.632395682468 37.0759742695385)
TX,Texas,Fisher,48151,3612,14.5,36.1,15.7,13.4,,POINT (-100.402132930717 32.7427738295493)
VA,Virginia,Rockbridge,51163,22358,14.0,34.0,7.7,13.8,10.6,POINT (-79.4476462298127 37.8142184406715)
MN,Minnesota,St. Louis,27137,200514,11.2,35.2,6.8,15.2,11.4,POINT (-92.4705912498966 47.6029788844163)
TN,Tennessee,Macon,47111,26793,14.6,43.1,14.4,22.7,,POINT (-86.0074972615789 36.5321610381815)
MO,Missouri,Laclede,29105,36680,14.0,38.5,10.7,21.1,17.4,POINT (-92.5904087183202 37.6581746940182)
ID,Idaho,Washington,16087,11425,14.5,33.4,13.3,15.2,16.6,POINT (-116.784993019521 44.452704019582)
MN,Minnesota,Red Lake,27125,3911,12.0,38.6,7.6,15.5,11.1,POINT (-96.0956349182591 47.8716783851504)
MO,Missouri,Schuyler,29197,4053,12.2,38.8,8.5,17.3,12.0,POINT (-92.5207734108332 40.4702342197874)
GA,Georgia,Treutlen,13283,6341,18.3,41.2,18.5,22.5,29.2,POINT (-82.5674600633275 32.4037481021717)
NC,North Carolina,Stokes,37169,45532,13.2,37.1,9.8,16.2,13.4,POINT (-80.2396598174591 36.4019024419799)
IL,Illinois,Knox,17095,48411,13.5,39.2,9.3,16.0,16.8,POINT (-90.2132758481666 40.9319133522118)
MO,Missouri,Miller,29131,25590,13.2,37.5,9.2,18.6,14.2,POINT (-92.4284178143101 38.2144075628273)
MN,Minnesota,Lyon,27083,25427,11.0,37.9,8.5,14.7,12.3,POINT (-95.8390816477245 44.4133857172343)
GA,Georgia,Haralson,13143,32038,12.6,36.2,12.6,17.4,15.4,POINT (-85.2110568973419 33.7943288253101)
TX,Texas,Deaf Smith,48117,18347,16.4,40.7,34.7,15.7,,POINT (-102.605245899508 34.9651051857135)
KS,Kansas,Crawford,20037,38764,11.2,36.8,9.7,16.4,15.0,POINT (-94.8517833125424 37.5072682724121)
KS,Kansas,Wilson,20205,8382,13.8,39.8,9.5,17.7,13.9,POINT (-95.7433443604904 37.5593237323067)
MO,Missouri,Cape Girardeau,29031,82984,11.2,34.7,8.2,14.9,12.7,POINT (-89.6846025463066 37.3842882926918)
NC,North Carolina,Durham,37063,336892,10.5,36.1,9.6,10.7,14.2,POINT (-78.8762704368696 36.0359200892271)
IN,Indiana,Fulton,18049,20358,14.6,41.7,9.4,18.6,14.8,POINT (-86.2635207365853 41.0469832521579)
WV,West Virginia,Mercer,54055,58057,17.2,40.8,8.8,21.1,17.6,POINT (-81.1115003008816 37.4056309003899)
IA,Iowa,Emmet,19063,9229,12.7,42.5,8.9,16.2,13.0,POINT (-94.6785048089548 43.3778884439615)
TN,Tennessee,Sevier,47155,99415,14.4,38.4,12.4,18.8,,POINT (-83.5246779154175 35.7845235705613)
AR,Arkansas,Dallas,5039,6185,17.1,41.9,11.1,16.3,20.9,POINT (-92.6542603960231 33.9697415127666)
AL,Alabama,Marshall,1095,100756,14.5,37.6,12.5,16.6,18.3,POINT (-86.306202322979 34.3673847093536)
AL,Alabama,Coffee,1031,55643,14.8,41.0,11.3,16.6,19.6,POINT (-85.9880914738148 31.4024803007311)
NC,North Carolina,Forsyth,37067,392921,12.4,41.2,10.9,13.4,16.1,POINT (-80.2562678118814 36.1306194708921)
AR,Arkansas,Ouachita,5103,21793,17.7,43.5,11.3,18.2,24.1,POINT (-92.882040791321 33.593253927504)
CA,California,Inyo,6027,18527,12.4,28.2,7.9,12.0,13.5,POINT (-117.411112581295 36.5114226868129)
TX,Texas,Bexar,48029,2087679,13.9,34.1,21.9,12.2,,POINT (-98.5198676417665 29.4490016256298)
IA,Iowa,Lyon,19119,12324,11.8,42.2,7.5,16.0,10.3,POINT (-96.2101821121479 43.3806078140642)
NE,Nebraska,Loup,31115,592,13.5,36.4,7.0,12.7,9.3,POINT (-99.4544041549247 41.913719606335)
AK,Alaska,Aleutians West,2016,5160,10.8,31.9,13.0,16.2,17.2,POINT (-110.244912258458 52.7943036111183)
MO,Missouri,Worth,29227,1907,15.5,40.2,9.3,19.2,14.6,POINT (-94.4221131218741 40.4790917768255)
TX,Texas,Menard,48327,1958,17.6,36.5,20.5,14.0,,POINT (-99.8204913138862 30.8899004486762)
VA,Virginia,Henry,51089,49702,18.0,41.9,11.2,17.8,19.4,POINT (-79.8743114368532 36.682806807111)
KS,Kansas,Stafford,20185,3909,13.1,41.0,10.3,15.3,12.8,POINT (-98.7176238337755 38.0310391307488)
AL,Alabama,Tuscaloosa,1125,237373,12.0,41.0,9.3,13.6,19.5,POINT (-87.5254019048087 33.2894088277374)
NY,New York,Steuben,36101,92162,11.5,34.8,5.9,14.6,13.5,POINT (-77.3836171753995 42.267847407688)
MS,Mississippi,Itawamba,28057,24093,12.2,36.2,10.4,16.1,15.4,POINT (-88.3612530065105 34.27980367357)
AR,Arkansas,Sevier,5133,15632,15.2,41.4,20.5,18.8,27.0,POINT (-94.2415839878892 33.9971085707583)
MI,Michigan,Osceola,26133,23330,13.7,39.6,7.6,18.1,16.1,POINT (-85.3253482143316 43.9897989747798)
WI,Wisconsin,Juneau,55057,26594,14.2,42.1,9.2,18.5,14.4,POINT (-90.1137331257287 43.9244511950016)
WI,Wisconsin,Washburn,55129,16930,14.4,35.6,7.4,15.7,11.5,POINT (-91.7913242154414 45.8992656540466)
CO,Colorado,Kit Carson,8063,6994,11.4,29.4,13.2,14.5,,POINT (-102.602737387319 39.3053193462633)
NC,North Carolina,Buncombe,37021,275901,10.9,31.3,9.0,12.3,11.4,POINT (-82.530385679713 35.6109780509856)
IL,Illinois,Washington,17189,13536,11.7,36.8,6.7,13.8,11.3,POINT (-89.4106148709646 38.3525179996094)
TN,Tennessee,McNairy,47109,26163,16.2,39.4,12.9,22.0,,POINT (-88.5635110563889 35.1757083398811)
NY,New York,Ulster,36111,182333,10.9,30.5,6.5,11.8,12.7,POINT (-74.2585098574373 41.8880474981802)
TX,Texas,Newton,48351,12039,18.6,42.8,16.2,22.2,,POINT (-93.744318388412 30.7868762566748)
GA,Georgia,Evans,13109,10754,16.8,42.4,17.6,19.2,25.2,POINT (-81.8866652658827 32.1567842852274)
IA,Iowa,Sac,19161,9686,12.5,41.3,7.0,15.1,10.9,POINT (-95.1054248606843 42.386203609779)
MO,Missouri,Chariton,29041,7399,14.0,38.3,8.9,17.8,13.1,POINT (-92.9629523491949 39.5153892408596)
MN,Minnesota,Wilkin,27167,6306,12.3,38.6,8.0,16.6,12.5,POINT (-96.4682554328919 46.3570258739156)
MT,Montana,Jefferson,30043,13048,10.3,32.8,8.1,12.7,9.3,POINT (-112.094066480625 46.1484350397483)
LA,Louisiana,Beauregard,22011,36827,13.4,40.7,8.6,18.5,19.0,POINT (-93.3432980720676 30.6485062033993)
GA,Georgia,Pierce,13229,20425,14.3,36.4,14.0,18.2,17.9,POINT (-82.2116956124654 31.3580822683896)
SD,South Dakota,Butte,46019,10863,12.5,35.7,9.9,16.8,,POINT (-103.507595012266 44.9055759671388)
FL,Florida,Orange,12095,1471416,11.7,33.5,16.1,11.9,,POINT (-81.3236333626814 28.514472459873)
IL,Illinois,Christian,17021,33228,12.3,38.1,8.7,16.1,14.3,POINT (-89.277110575745 39.5457095688036)
OK,Oklahoma,Blaine,40011,8539,14.3,38.3,12.1,17.6,17.9,POINT (-98.4333112930991 35.8752977571278)
CO,Colorado,Cheyenne,8017,1727,11.3,28.8,11.1,13.9,,POINT (-102.603247709498 38.8281509160219)
AK,Alaska,Prince of Wales-Hyder,2198,5696,14.0,38.4,11.1,22.0,20.5,POINT (-133.055155796378 55.8173059571036)
AZ,Arizona,Yuma,4027,213221,14.5,37.4,24.1,12.7,24.4,POINT (-113.905997385394 32.7694427722845)
WV,West Virginia,Lewis,54041,16500,16.9,40.3,9.0,21.2,17.1,POINT (-80.5022541227854 38.9959239226888)
MN,Minnesota,Cook,27031,5639,12.9,35.3,6.3,13.0,9.6,POINT (-90.5315273185929 47.9030512128465)
CA,California,San Mateo,6081,726353,10.6,22.3,6.6,8.0,11.5,POINT (-122.328756671313 37.4231955433243)
MT,Montana,Cascade,30013,84900,10.4,35.3,10.0,14.4,12.8,POINT (-111.347179329406 47.3082216376503)
TX,Texas,Upton,48461,3109,16.6,40.9,27.2,16.6,,POINT (-102.042897048526 31.3687459368592)
FL,Florida,Alachua,12001,285994,10.5,30.9,11.7,11.2,,POINT (-82.3582005204153 29.6751856950068)
OR,Oregon,Tillamook,41057,27417,13.5,32.1,8.7,13.2,,POINT (-123.712748456023 45.4634336948041)
GA,Georgia,Marion,13197,7440,18.7,38.6,16.2,18.5,23.1,POINT (-84.5244936517026 32.3530176982437)
TX,Texas,Lipscomb,48295,2906,14.8,36.7,20.1,14.5,,POINT (-100.273177516537 36.2777928293222)
VA,Virginia,Middlesex,51119,10924,16.5,37.8,7.7,13.1,11.5,POINT (-76.5672100700556 37.6293544977898)
TX,Texas,Hunt,48231,113347,12.3,36.7,16.2,15.2,,POINT (-96.0854636520971 33.1236261404321)
IA,Iowa,Calhoun,19025,9763,12.3,39.8,7.1,15.6,11.3,POINT (-94.640451820039 42.3852630941622)
MN,Minnesota,Benton,27009,41600,10.2,41.5,8.0,16.0,12.6,POINT (-93.9988594342603 45.6990214355598)
FL,Florida,Escambia,12033,326928,12.8,35.8,12.4,14.2,,POINT (-87.3627693924499 30.6679205302184)
AR,Arkansas,Clay,5021,14201,14.1,40.2,11.0,18.3,17.5,POINT (-90.4170776785868 36.3683675945226)
SC,South Carolina,Anderson,45007,213076,13.3,36.3,12.2,14.2,17.0,POINT (-82.6374096675296 34.5192653476143)
MT,Montana,Wheatland,30107,2057,13.0,32.0,11.7,17.0,15.2,POINT (-109.844548715577 46.466368536061)
GA,Georgia,Jefferson,13163,15183,18.5,41.3,16.8,19.9,28.6,POINT (-82.4184402738849 33.0543979409705)
NC,North Carolina,Lee,37105,67059,13.5,37.8,13.8,15.5,18.4,POINT (-79.1714912683052 35.4750989187809)
MN,Minnesota,Nicollet,27103,34242,9.8,33.2,7.3,13.7,10.9,POINT (-94.2481865808286 44.3500738745181)
KS,Kansas,Lane,20101,1529,13.1,36.6,9.3,14.4,11.4,POINT (-100.46607537017 38.4811944728281)
NC,North Carolina,Pender,37141,68521,11.8,36.3,9.6,14.3,12.9,POINT (-77.9052662106959 34.5249111261759)
TX,Texas,Clay,48077,10738,13.2,34.9,11.3,14.2,,POINT (-98.2085350681817 33.7856218212952)
VA,Virginia,Nelson,51125,14705,15.6,35.2,8.3,13.7,11.9,POINT (-78.8862994754463 37.7872124006606)
FL,Florida,Lafayette,12067,8078,14.6,34.7,18.1,19.3,,POINT (-83.1809583435739 29.9855286865018)
AK,Alaska,Kusilvak,2158,8001,16.5,46.5,18.1,36.6,46.6,POINT (-163.385871730467 62.1566155670538)
KS,Kansas,Johnson,20091,622237,9.4,31.2,6.6,9.7,7.5,POINT (-94.8224767307195 38.8837274899277)
NC,North Carolina,Lenoir,37107,54895,17.8,42.4,13.9,19.3,25.6,POINT (-77.6409595927808 35.2387324403638)
KS,Kansas,Grant,20067,7147,11.8,35.4,17.4,12.6,15.0,POINT (-101.30797577292 37.5622733577485)
WI,Wisconsin,Polk,55095,45762,12.4,35.6,7.2,14.3,10.5,POINT (-92.4412755945684 45.4615053795217)
OK,Oklahoma,Washington,40147,53706,13.2,42.4,10.0,16.9,16.7,POINT (-95.9043568219824 36.7152366150181)
NE,Nebraska,Sherman,31163,2983,13.7,41.4,9.1,15.1,12.1,POINT (-98.97571168813 41.220445026197)
NE,Nebraska,Dixon,31051,5491,13.2,43.3,12.0,15.3,13.8,POINT (-96.8678961363766 42.4933821972659)
VA,Virginia,Page,51139,23741,14.1,34.6,9.5,17.0,13.2,POINT (-78.4845719983897 38.6187175797145)
ME,Maine,Kennebec,23011,127259,11.8,32.5,8.2,15.4,11.4,POINT (-69.7673372512067 44.4089507036888)
OH,Ohio,Guernsey,39059,38089,14.8,38.3,9.1,19.0,15.5,POINT (-81.494271058754 40.0520872571802)
CT,Connecticut,Capitol,9110,975328,11.0,31.9,9.8,11.1,16.6,POINT (-72.5720699045246 41.8184543884154)
TX,Texas,Mills,48333,4548,14.1,33.0,13.4,12.7,,POINT (-98.5954945893768 31.4950789816718)
MS,Mississippi,Rankin,28121,160417,12.1,36.6,8.9,13.1,14.2,POINT (-89.9456334806311 32.2640207305277)
IL,Illinois,Mason,17125,12523,13.3,37.3,7.7,16.0,13.7,POINT (-89.9168506099057 40.2394401010643)
WV,West Virginia,Cabell,54011,92082,14.9,44.1,8.3,17.8,16.2,POINT (-82.2415597718845 38.4203751697343)
MO,Missouri,Phelps,29161,45284,11.7,34.6,8.7,16.4,13.7,POINT (-91.7923257288082 37.8770153181716)
GA,Georgia,Whitfield,13313,103687,14.1,37.9,22.1,15.6,20.8,POINT (-84.9674182436236 34.8048862784736)
ND,North Dakota,McKenzie,38053,14252,9.6,41.1,9.4,15.2,13.2,POINT (-103.395521983973 47.7401830034717)
VA,Virginia,Isle of Wight,51093,40711,13.8,36.6,7.7,13.2,12.1,POINT (-76.7249513910233 36.8919047884623)
VA,Virginia,Botetourt,51023,34125,13.0,35.1,7.2,13.0,9.4,POINT (-79.8122255627712 37.5567972388597)
TN,Tennessee,Campbell,47013,40223,15.7,42.6,13.2,22.8,,POINT (-84.1494802848796 36.4033408018015)
NY,New York,Genesee,36037,57529,10.7,30.2,5.9,13.5,12.6,POINT (-78.1939894875442 43.0011999788591)
OH,Ohio,Columbiana,39029,100182,15.2,41.1,8.6,18.5,14.7,POINT (-80.7772020501573 40.7684220366661)
CA,California,Nevada,6057,102037,11.5,27.5,5.6,11.0,10.2,POINT (-120.767818372764 39.3015981047531)
TN,Tennessee,Carroll,47017,28860,15.2,42.8,12.0,19.8,,POINT (-88.4502181857315 35.9731288209991)
MO,Missouri,Barton,29011,11731,15.2,40.7,10.9,21.6,17.9,POINT (-94.3473775382765 37.5022512432045)
IN,Indiana,Sullivan,18153,20757,14.1,43.6,9.5,19.9,16.6,POINT (-87.4139985670225 39.0890540078366)
ID,Idaho,Boise,16015,8517,12.1,31.9,7.7,11.7,9.9,POINT (-115.731359370264 43.9888754708819)
MS,Mississippi,Coahoma,28027,20077,21.8,46.4,15.1,21.1,37.9,POINT (-90.6017539363761 34.229811108889)
IL,Illinois,Jo Daviess,17085,21756,13.2,36.1,6.8,13.0,10.5,POINT (-90.2125669942826 42.3657993803909)
TX,Texas,Grayson,48181,146907,12.5,33.9,13.7,14.4,,POINT (-96.677595609233 33.6267279244552)
NH,New Hampshire,Coos,33007,31372,13.0,36.4,8.6,15.2,13.1,POINT (-71.305690701747 44.6896253528257)
NC,North Carolina,Cumberland,37051,337890,12.2,40.1,11.8,14.8,20.3,POINT (-78.8276708613151 35.0486561560424)
IN,Indiana,Noble,18113,47430,13.2,39.6,10.5,17.0,14.6,POINT (-85.4175453196001 41.3985984916063)
IL,Illinois,Richland,17159,15488,12.5,39.4,7.7,15.5,13.6,POINT (-88.0854899215082 38.7123719010119)
TN,Tennessee,Fayette,47047,44175,15.9,39.0,10.3,16.5,,POINT (-89.414502273353 35.1971645993699)
WI,Wisconsin,Brown,55009,271417,10.5,41.1,8.2,13.4,11.8,POINT (-88.003761568209 44.4524309489072)
OK,Oklahoma,Kiowa,40075,8398,16.6,42.7,12.9,19.9,21.9,POINT (-98.9808976739666 34.9163225627227)
VA,Virginia,Buchanan,51027,19087,17.4,38.9,11.7,21.6,19.7,POINT (-82.0360740022978 37.2667390717748)
SC,South Carolina,Marion,45067,28508,22.0,45.3,16.1,20.1,33.4,POINT (-79.3626115795029 34.0805981145709)
GA,Georgia,Montgomery,13209,8761,15.4,39.4,14.6,17.0,20.8,POINT (-82.5347852959324 32.1731129445246)
WV,West Virginia,Barbour,54001,15378,16.9,43.3,9.3,21.4,18.4,POINT (-80.0037987492522 39.1326214527284)
OK,Oklahoma,Pawnee,40117,15864,14.3,39.7,10.7,19.3,18.6,POINT (-96.6992083052146 36.3167919210442)
MD,Maryland,Frederick,24021,293391,10.6,34.7,7.7,9.2,10.5,POINT (-77.3976709371378 39.47221383853)
MS,Mississippi,Marshall,28093,34123,18.5,41.9,14.2,20.3,28.5,POINT (-89.5030847437601 34.7623727946025)
NM,New Mexico,Los Alamos,35028,19444,8.0,25.4,5.7,7.1,6.6,POINT (-106.306539429798 35.8686843512051)
OH,Ohio,Ottawa,39123,39803,13.8,38.0,7.0,14.0,9.7,POINT (-83.1164465932344 41.5336572497729)
CA,California,San Bernardino,6071,2195611,12.1,33.3,14.3,12.3,23.1,POINT (-116.178441641048 34.8415154042306)
OH,Ohio,Lake,39085,231640,12.9,36.9,7.1,14.5,10.7,POINT (-81.2368191610819 41.6970249003529)
ID,Idaho,Shoshone,16079,14026,13.5,36.1,11.3,15.9,15.8,POINT (-115.892413057691 47.3530423358331)
MS,Mississippi,Stone,28131,18756,14.0,41.0,10.8,17.1,18.4,POINT (-89.1176262782234 30.7899921125114)
WV,West Virginia,Wyoming,54109,20277,18.7,44.6,10.5,24.6,20.6,POINT (-81.5486169582605 37.6089223993811)
TN,Tennessee,Hickman,47081,25826,14.1,38.4,12.7,20.9,,POINT (-87.4736356939555 35.8029876163808)
GA,Georgia,Oconee,13219,44182,10.1,28.8,7.5,9.3,7.5,POINT (-83.4371131178921 33.835069659771)
GA,Georgia,Greene,13133,20722,15.6,33.7,11.0,12.1,13.2,POINT (-83.1667308024376 33.5788809439094)
FL,Florida,Miami-Dade,12086,2686867,15.4,29.5,25.6,11.3,,POINT (-80.5593051010929 25.6148756117785)
IN,Indiana,Clark,18019,125467,12.5,43.9,8.3,16.4,13.8,POINT (-85.7070564153001 38.4778377949688)
CA,California,Sierra,6091,3200,15.3,32.5,7.5,15.1,15.1,POINT (-120.516466065629 39.5802928882158)
NC,North Carolina,Chowan,37041,13891,17.0,40.4,11.2,16.8,19.5,POINT (-76.6081998621462 36.1488065523219)
WA,Washington,Pierce,53053,928696,10.6,36.9,8.6,11.6,,POINT (-122.1116191332 47.026713492138)
WV,West Virginia,Ritchie,54085,8167,17.9,42.9,9.6,23.3,18.4,POINT (-81.0627854058713 39.1779944001672)
IA,Iowa,Washington,19183,22560,12.0,38.6,7.8,15.1,11.4,POINT (-91.7173635643124 41.3355141430586)
OK,Oklahoma,McCurtain,40089,30660,15.5,42.6,12.4,21.2,23.9,POINT (-94.7715433530393 34.1163901296428)
AZ,Arizona,Gila,4007,54003,15.0,31.4,12.1,15.4,17.5,POINT (-110.812096582079 33.7999645115514)
TX,Texas,Kenedy,48261,343,18.5,37.9,35.1,15.1,,POINT (-97.6981206826376 26.9297976203361)
MS,Mississippi,Copiah,28029,27664,18.2,41.8,12.3,17.8,26.2,POINT (-90.4488258448001 31.8691913743667)
NY,New York,Queens,36081,2252196,14.3,24.0,10.6,10.9,22.0,POINT (-73.8194947909622 40.7034702188683)
KS,Kansas,Rush,20165,2830,13.9,38.7,9.0,16.3,12.3,POINT (-99.3086414479123 38.5227922552701)
TX,Texas,Winkler,48495,7414,14.1,37.6,27.6,14.1,,POINT (-103.048538040862 31.8500161818711)
